title,experience_level,years_of_experience,primary_tech_stack,required_skills,responsibilities,domain_taxonomy
Junior Software Engineer,Junior,0-2 years,"['JavaScript', 'HTML', 'CSS', 'Node.js']","['Basic understanding of web development', 'Version control with Git', 'Debugging and troubleshooting']","['Assist in the development of web applications', 'Write clean, maintainable code under supervision', 'Participate in code reviews and team meetings']",Software Engineering
Mid-Level Software Engineer,Mid,2-5 years,"['JavaScript', 'React', 'Node.js', 'Express', 'MongoDB']","['Proficient in RESTful API development', 'Experience with CI/CD pipelines', 'Automated testing frameworks (e.g., Jest, Mocha)']","['Design and implement scalable web applications', 'Collaborate with cross-functional teams to define, design, and ship new features', 'Mentor junior developers and conduct code reviews']",Software Engineering
Senior Software Engineer,Senior,5+ years,"['JavaScript', 'React', 'Node.js', 'GraphQL', 'AWS']","['Expertise in system architecture and design patterns', 'Strong understanding of microservices architecture', 'Experience with containerization (Docker, Kubernetes)']","['Lead the architecture and design of complex software systems', 'Drive best practices in code quality, testing, and deployment', 'Provide technical leadership and mentorship to the engineering team']",Software Engineering
Junior Software Developer,Junior,0-2 years,"['JavaScript', 'HTML', 'CSS', 'Node.js']","['Basic understanding of web development', 'Version control with Git', 'Debugging and troubleshooting']","['Assist in the development of web applications', 'Write clean, maintainable code under supervision', 'Participate in code reviews and learn from feedback']",Software Engineering
Mid-Level Software Developer,Mid,2-5 years,"['JavaScript', 'React', 'Node.js', 'Express', 'MongoDB']","['Proficient in building RESTful APIs', 'Experience with CI/CD pipelines', 'Automated testing frameworks like Jest or Mocha']","['Develop and maintain scalable web applications', 'Implement features based on user stories and requirements', 'Collaborate with cross-functional teams to define, design, and ship new features']",Software Engineering
Senior Software Developer,Senior,5+ years,"['JavaScript', 'React', 'Node.js', 'GraphQL', 'Docker', 'AWS']","['Expertise in system architecture and design patterns', 'Strong understanding of microservices architecture', 'Mentoring junior developers and leading code reviews']","['Architect and design scalable software solutions', 'Lead the development of complex features and integrations', 'Ensure code quality and performance through best practices and code reviews']",Software Engineering
Junior Full Stack Developer,Junior,0-2 years,"['HTML', 'CSS', 'JavaScript', 'Node.js', 'Express', 'MongoDB']","['Basic understanding of RESTful APIs', 'Version control with Git', 'Responsive web design', 'Debugging and troubleshooting']","['Assist in the development of web applications using HTML, CSS, and JavaScript', 'Collaborate with senior developers to implement features', 'Participate in code reviews and contribute to team knowledge sharing']",Software Engineering
Mid Full Stack Developer,Mid,2-5 years,"['React', 'Node.js', 'Express', 'MongoDB', 'Docker', 'AWS']","['Proficient in building RESTful APIs', 'Experience with CI/CD pipelines', 'Understanding of microservices architecture', 'Automated testing frameworks (e.g., Jest, Mocha)']","['Design and implement scalable web applications using React and Node.js', 'Manage deployment processes using Docker and AWS', 'Optimize application performance and troubleshoot issues']",Software Engineering
Senior Full Stack Developer,Senior,5+ years,"['React', 'Node.js', 'GraphQL', 'PostgreSQL', 'Kubernetes', 'Terraform']","['Expertise in system architecture and design patterns', 'Strong knowledge of security best practices', 'Experience with multi-cloud environments', 'Mentoring junior developers']","['Architect and develop complex web applications with a focus on performance and scalability', 'Lead the design and implementation of microservices using GraphQL', 'Establish best practices for code quality and deployment processes']",Software Engineering
Junior Backend Developer,Junior,0-2 years,"['Node.js', 'Express', 'MongoDB']","['JavaScript', 'RESTful APIs', 'Version Control (Git)']","['Assist in the development of backend services using Node.js and Express.', 'Write clean, maintainable code and perform basic debugging.', 'Collaborate with frontend developers to integrate user-facing elements with server-side logic.']",Software Engineering
Mid Backend Developer,Mid,2-5 years,"['Node.js', 'Express', 'PostgreSQL', 'Docker']","['API Development', 'Automated Testing (Jest)', 'CI/CD (GitHub Actions)']","['Design and implement scalable backend services and APIs using Node.js and Express.', 'Manage database schemas and optimize queries in PostgreSQL.', 'Implement CI/CD pipelines for automated testing and deployment using GitHub Actions.']",Software Engineering
Senior Backend Developer,Senior,5+ years,"['Node.js', 'Express', 'PostgreSQL', 'Kubernetes', 'AWS']","['Microservices Architecture', 'Security Best Practices', 'Mentoring']","['Architect and develop robust, scalable backend systems using microservices architecture.', 'Ensure security best practices are implemented across all services.', 'Mentor junior and mid-level developers, providing guidance on best practices and code reviews.']",Software Engineering
Junior Frontend Developer,Junior,0-2 years,"['HTML', 'CSS', 'JavaScript', 'React']","['Responsive Design', 'Version Control (Git)', 'Basic Debugging']","['Assist in the development of user interfaces using HTML, CSS, and JavaScript.', 'Collaborate with designers to implement responsive web designs.', 'Fix bugs and improve application performance under supervision.']",Frontend & Mobile
Mid Frontend Developer,Mid,2-5 years,"['HTML', 'CSS', 'JavaScript', 'React', 'Redux', 'Webpack']","['State Management', 'Unit Testing (Jest)', 'Continuous Integration (CI/CD)']","['Develop and maintain complex web applications using React and Redux.', 'Implement automated testing and CI/CD pipelines to ensure code quality.', 'Optimize applications for maximum speed and scalability.']",Frontend & Mobile
Senior Frontend Developer,Senior,5+ years,"['HTML', 'CSS', 'JavaScript', 'React', 'Redux', 'TypeScript', 'GraphQL']","['System Architecture', 'Performance Optimization', 'Mentoring Junior Developers']","['Architect and design scalable frontend solutions for complex applications.', 'Lead code reviews and mentor junior and mid-level developers.', 'Implement best practices for performance optimization and security in web applications.']",Frontend & Mobile
Junior Data Scientist,Junior,0-2 years,"['Python', 'Pandas', 'Scikit-learn', 'SQL']","['Data Cleaning', 'Basic Statistical Analysis', 'Data Visualization (Matplotlib, Seaborn)']","['Assist in data collection and preprocessing tasks.', 'Conduct exploratory data analysis to identify trends and patterns.', 'Support the development of machine learning models under supervision.']",Data & AI
Mid-Level Data Scientist,Mid,2-5 years,"['Python', 'Pandas', 'Scikit-learn', 'SQL', 'TensorFlow', 'AWS']","['Feature Engineering', 'Model Evaluation Techniques', 'Data Pipeline Development (Apache Airflow)']","['Design and implement machine learning models for predictive analytics.', 'Optimize data pipelines for performance and scalability.', 'Collaborate with cross-functional teams to translate business requirements into data-driven solutions.']",Data & AI
Senior Data Scientist,Senior,5+ years,"['Python', 'Pandas', 'Scikit-learn', 'SQL', 'TensorFlow', 'AWS', 'Spark']","['Advanced Statistical Modeling', 'Deep Learning Techniques', 'Big Data Technologies (Hadoop, Spark)']","['Architect and lead the development of scalable data science solutions.', 'Mentor junior data scientists and provide technical guidance.', 'Drive the strategy for data-driven decision making across the organization.']",Data & AI
Junior Machine Learning Engineer,Junior,0-2 years,"['Python', 'Scikit-learn', 'Pandas']","['Data Preprocessing', 'Basic Machine Learning Algorithms', 'Version Control (Git)']","['Assist in data collection and preprocessing for machine learning models.', 'Implement basic machine learning algorithms under supervision.', 'Collaborate with senior engineers to understand model evaluation metrics.']",Data & AI
Mid-Level Machine Learning Engineer,Mid,2-5 years,"['Python', 'TensorFlow', 'Keras', 'AWS SageMaker']","['Model Deployment', 'Feature Engineering', 'Automated Testing']","['Design and implement machine learning models for production use.', 'Optimize and tune existing models for performance and scalability.', 'Develop CI/CD pipelines for machine learning workflows.']",Data & AI
Senior Machine Learning Engineer,Senior,5+ years,"['Python', 'PyTorch', 'Apache Spark', 'Kubernetes']","['System Architecture', 'Advanced Machine Learning Techniques', 'Mentoring Junior Engineers']","['Architect scalable machine learning systems and frameworks.', 'Lead the development of advanced algorithms and models for complex datasets.', 'Mentor and guide junior and mid-level engineers in best practices and methodologies.']",Data & AI
Junior AI Engineer,Junior,0-2 years,"['Python', 'TensorFlow', 'scikit-learn']","['Data Preprocessing', 'Basic Machine Learning Algorithms', 'Version Control (Git)']","['Assist in the development and training of machine learning models.', 'Perform data cleaning and preprocessing tasks.', 'Collaborate with senior engineers to implement basic AI solutions.']",Data & AI
Mid AI Engineer,Mid,2-5 years,"['Python', 'TensorFlow', 'PyTorch', 'AWS SageMaker']","['Model Deployment', 'Automated Testing', 'CI/CD Pipelines']","['Design and implement scalable machine learning models for production.', 'Optimize existing models for performance and accuracy.', 'Integrate AI solutions with cloud services and APIs.']",Data & AI
Senior AI Engineer,Senior,5+ years,"['Python', 'TensorFlow', 'PyTorch', 'Kubernetes', 'Apache Kafka']","['System Architecture', 'Distributed Systems Design', 'Mentoring Junior Engineers']","['Architect and lead the development of complex AI systems.', 'Ensure the scalability and security of AI solutions across multi-cloud environments.', 'Drive research and development initiatives to explore new AI technologies and methodologies.']",Data & AI
Junior DevOps Engineer,Junior,0-2 years,"['Docker', 'Git', 'Jenkins']","['Basic Linux administration', 'Understanding of CI/CD concepts', 'Familiarity with cloud services (AWS/Azure)']","['Assist in the deployment of applications using Docker', 'Monitor and troubleshoot CI/CD pipelines', 'Collaborate with development teams to understand deployment requirements']",Cloud & DevOps
Mid-Level DevOps Engineer,Mid,2-5 years,"['Kubernetes', 'Terraform', 'AWS']","['Proficient in scripting languages (Python, Bash)', 'Experience with configuration management tools (Ansible, Chef)', 'Knowledge of monitoring tools (Prometheus, Grafana)']","['Design and implement CI/CD pipelines using Jenkins and GitLab CI', 'Manage and orchestrate containerized applications using Kubernetes', 'Automate infrastructure provisioning with Terraform']",Cloud & DevOps
Senior DevOps Engineer,Senior,5+ years,"['Kubernetes', 'Terraform', 'AWS', 'Azure']","['Expertise in system architecture and design', 'Strong understanding of security best practices in cloud environments', 'Experience with multi-cloud strategies']","['Architect scalable and resilient infrastructure solutions', 'Mentor junior and mid-level engineers on best practices', 'Implement advanced monitoring and logging solutions for production systems']",Cloud & DevOps
Junior Cloud Engineer,Junior,0-2 years,"['AWS', 'Terraform', 'Docker']","['Basic understanding of cloud services', 'Linux fundamentals', 'Networking concepts', 'Version control (Git)']","['Assist in deploying cloud resources using Terraform', 'Monitor cloud infrastructure and troubleshoot issues', 'Support the team in maintaining documentation for cloud architecture']",Cloud & DevOps
Mid-Level Cloud Engineer,Mid,2-5 years,"['AWS', 'Terraform', 'Kubernetes', 'CI/CD (Jenkins, GitLab CI)']","['Experience with cloud architecture design', 'Automated deployment and configuration management', 'Container orchestration with Kubernetes', 'Scripting (Python, Bash)']","['Design and implement scalable cloud solutions', 'Manage CI/CD pipelines for cloud applications', 'Optimize cloud resource usage and cost management']",Cloud & DevOps
Senior Cloud Engineer,Senior,5+ years,"['AWS', 'Terraform', 'Kubernetes', 'Microservices architecture', 'Multi-cloud environments']","['Expertise in cloud security best practices', 'Architecting highly available and fault-tolerant systems', 'Mentoring junior engineers', 'Infrastructure as Code (IaC) strategies']","['Lead the design and architecture of cloud solutions across multiple environments', 'Implement advanced security measures and compliance protocols', 'Drive cloud strategy and technology adoption within the organization']",Cloud & DevOps
Junior Data Analyst,Junior,0-2 years,"['Excel', 'SQL', 'Tableau']","['Data Cleaning', 'Basic Statistical Analysis', 'Data Visualization']","['Assist in collecting and cleaning data from various sources.', 'Create basic reports and dashboards using Tableau.', 'Support senior analysts in data analysis tasks and documentation.']",Data & AI
Mid-Level Data Analyst,Mid,2-5 years,"['Python', 'SQL', 'Power BI']","['Data Modeling', 'Advanced SQL Queries', 'ETL Processes']","['Develop and maintain interactive dashboards using Power BI.', 'Perform complex data analysis and provide actionable insights.', 'Collaborate with cross-functional teams to gather requirements and deliver data solutions.']",Data & AI
Senior Data Analyst,Senior,5+ years,"['R', 'SQL', 'Apache Spark']","['Statistical Modeling', 'Predictive Analytics', 'Data Governance']","['Design and implement data analysis frameworks and methodologies.', 'Lead data-driven projects and mentor junior analysts.', 'Architect data solutions that ensure data quality and integrity across platforms.']",Data & AI
Junior Business Intelligence Analyst,Junior,0-2 years,"['SQL', 'Tableau', 'Excel']","['Data Visualization', 'Basic SQL Queries', 'Data Cleaning', 'Analytical Thinking']","['Assist in data collection and preparation for analysis.', 'Create basic dashboards and reports using Tableau.', 'Support senior analysts in data validation and quality checks.']",Data & AI
Mid-Level Business Intelligence Analyst,Mid,2-5 years,"['SQL', 'Tableau', 'Power BI', 'Python']","['Data Modeling', 'Advanced SQL', 'ETL Processes', 'Data Warehousing']","['Design and implement data models to support reporting needs.', 'Develop interactive dashboards and visualizations in Tableau and Power BI.', 'Perform complex data analysis and provide actionable insights to stakeholders.']",Data & AI
Senior Business Intelligence Analyst,Senior,5+ years,"['SQL', 'Tableau', 'Power BI', 'Snowflake', 'Python']","['Data Strategy Development', 'Advanced Analytics', 'Mentoring', 'Performance Tuning']","['Lead the design and architecture of BI solutions across multiple data sources.', 'Mentor junior and mid-level analysts in best practices and advanced techniques.', 'Collaborate with cross-functional teams to define KPIs and reporting requirements.']",Data & AI
Junior QA Engineer,Junior,0-2 years,"['Selenium', 'JUnit', 'Postman']","['Basic understanding of software testing principles', 'Familiarity with Agile methodologies', 'Ability to write simple test cases']","['Assist in the development of test plans and test cases', 'Execute manual and automated tests', 'Report and track defects using JIRA']",Software Engineering
Mid QA Engineer,Mid,2-5 years,"['Selenium', 'JUnit', 'Jenkins', 'Postman', 'Cucumber']","['Proficient in writing automated test scripts', 'Experience with CI/CD pipelines', 'Strong knowledge of RESTful APIs']","['Design and implement automated test frameworks', 'Conduct performance and regression testing', 'Collaborate with development teams to ensure quality throughout the software development lifecycle']",Software Engineering
Senior QA Engineer,Senior,5+ years,"['Selenium', 'JUnit', 'Jenkins', 'Cucumber', 'TestNG', 'Docker']","['Expertise in test automation frameworks and methodologies', 'Experience in mentoring junior QA engineers', 'Strong understanding of microservices architecture']","['Architect and lead the QA strategy for complex applications', 'Implement and maintain CI/CD testing pipelines', 'Drive quality initiatives and best practices across the engineering team']",Software Engineering
Junior Test Automation Engineer,Junior,0-2 years,"['Selenium', 'Java', 'JUnit']","['Basic understanding of software testing principles', 'Familiarity with version control systems (Git)', 'Ability to write and execute test cases']","['Assist in the development of automated test scripts', 'Execute manual and automated tests to ensure software quality', 'Report and track defects using issue tracking tools']",Software Engineering
Mid Test Automation Engineer,Mid,2-5 years,"['Selenium', 'Java', 'TestNG', 'Jenkins']","['Proficient in creating and maintaining automated test frameworks', 'Experience with CI/CD pipelines', 'Knowledge of API testing tools (Postman, RestAssured)']","['Design and implement automated test scripts for web applications', 'Integrate automated tests into CI/CD pipelines', 'Analyze test results and provide feedback to development teams']",Software Engineering
Senior Test Automation Engineer,Senior,5+ years,"['Selenium', 'Java', 'Cucumber', 'Kubernetes']","['Expertise in test automation strategy and framework design', 'Strong knowledge of performance testing tools (JMeter, Gatling)', 'Experience in mentoring junior team members']","['Architect and lead the implementation of automated testing frameworks', 'Define testing strategies for complex applications and systems', 'Collaborate with cross-functional teams to ensure quality throughout the software development lifecycle']",Software Engineering
Junior iOS Mobile App Developer,Junior,0-2 years,"['Swift', 'Xcode', 'UIKit']","['Basic understanding of iOS SDK', 'Version control with Git', 'UI/UX principles']","['Assist in the development of iOS applications under the guidance of senior developers', 'Write clean, maintainable code and fix bugs in existing applications', 'Participate in code reviews and contribute to team knowledge sharing']",Frontend & Mobile
Mid iOS Mobile App Developer,Mid,2-5 years,"['Swift', 'Xcode', 'Combine', 'Core Data']","['Experience with RESTful APIs', 'Proficient in unit testing and automated testing frameworks', 'Familiarity with CI/CD pipelines using Jenkins or GitHub Actions']","['Design and implement new features for iOS applications using Swift and Xcode', 'Collaborate with cross-functional teams to define, design, and ship new features', 'Optimize application performance and troubleshoot issues in production']",Frontend & Mobile
Senior iOS Mobile App Developer,Senior,5+ years,"['Swift', 'Xcode', 'SwiftUI', 'Core Data', 'Combine']","['Expertise in architectural patterns (MVC, MVVM)', 'Experience with multi-threading and performance optimization', 'Mentoring junior developers and leading code reviews']","['Architect and design scalable iOS applications with a focus on performance and user experience', 'Lead the development of complex features and ensure adherence to best practices', 'Evaluate and implement new technologies to improve development efficiency and application performance']",Frontend & Mobile
Junior Android Mobile App Developer,Junior,0-2 years,"['Java', 'Kotlin', 'Android SDK']","['Android Studio', 'XML', 'RESTful APIs', 'Git']","['Assist in the development of Android applications using Java and Kotlin.', 'Participate in code reviews and debugging processes.', 'Collaborate with senior developers to implement new features and fix bugs.']",Frontend & Mobile
Mid Android Mobile App Developer,Mid,2-5 years,"['Java', 'Kotlin', 'Android SDK', 'Firebase']","['MVVM Architecture', 'Retrofit', 'Unit Testing', 'CI/CD']","['Design and implement scalable Android applications with a focus on performance and user experience.', 'Integrate third-party libraries and APIs to enhance application functionality.', 'Lead the implementation of automated testing and CI/CD pipelines for mobile applications.']",Frontend & Mobile
Senior Android Mobile App Developer,Senior,5+ years,"['Java', 'Kotlin', 'Android SDK', 'Dagger', 'RxJava']","['Architectural Patterns', 'Microservices', 'Security Best Practices', 'Mentoring']","['Architect and design complex Android applications with a focus on scalability and maintainability.', 'Mentor junior and mid-level developers, providing guidance on best practices and code quality.', 'Evaluate and implement new technologies and frameworks to improve application performance and security.']",Frontend & Mobile
Junior Vibe Coder,Junior,0-2 years,"['JavaScript', 'HTML', 'CSS', 'React']","['Basic understanding of web development', 'Familiarity with version control (Git)', 'Responsive design principles']","['Assist in developing user interfaces using React', 'Collaborate with designers to implement visual elements', 'Debug and fix basic issues in existing code']",Frontend & Mobile
Mid Vibe Coder,Mid,2-5 years,"['JavaScript', 'React', 'Node.js', 'Redux']","['Proficient in building single-page applications', 'Experience with RESTful APIs', 'Knowledge of CI/CD pipelines']","['Develop and maintain scalable web applications using React and Node.js', 'Implement state management using Redux', 'Optimize applications for maximum speed and scalability']",Frontend & Mobile
Senior Vibe Coder,Senior,5+ years,"['JavaScript', 'React', 'Node.js', 'GraphQL']","['Expertise in system architecture and design patterns', 'Experience with microservices architecture', 'Mentoring junior developers']","['Architect and lead the development of complex web applications', 'Design and implement GraphQL APIs for efficient data retrieval', 'Ensure code quality through code reviews and best practices']",Frontend & Mobile
Junior UI Designer,Junior,0-2 years,"['Figma', 'Adobe XD', 'HTML', 'CSS']","['Wireframing', 'Prototyping', 'User Interface Design', 'Responsive Design']","['Assist in creating user interface designs for web and mobile applications.', 'Collaborate with senior designers to develop wireframes and prototypes.', 'Conduct user research and usability testing to gather feedback.']",Frontend & Mobile
Mid UI Designer,Mid,2-5 years,"['Figma', 'Sketch', 'Adobe Creative Suite', 'HTML', 'CSS', 'JavaScript']","['User-Centered Design', 'Interaction Design', 'Design Systems', 'Responsive Web Design', 'Collaboration with Developers']","['Design and implement user interfaces for complex web applications.', 'Create and maintain design systems and style guides.', 'Work closely with UX researchers and developers to ensure design feasibility.']",Frontend & Mobile
Senior UI Designer,Senior,5+ years,"['Figma', 'Sketch', 'Adobe Creative Suite', 'HTML', 'CSS', 'JavaScript', 'React']","['Strategic Design Thinking', 'Mentorship', 'Cross-Functional Collaboration', 'Design Leadership', 'User Experience Strategy']","['Lead the design vision and strategy for user interfaces across multiple platforms.', 'Mentor junior and mid-level designers, providing guidance and feedback.', 'Collaborate with product managers and engineers to define and implement innovative solutions.']",Frontend & Mobile
Junior UX Designer,Junior,0-2 years,"['Figma', 'Adobe XD', 'Sketch']","['User Research', 'Wireframing', 'Prototyping', 'Usability Testing']","['Assist in conducting user research to gather insights on user needs and behaviors.', 'Create wireframes and prototypes to visualize design concepts.', 'Collaborate with senior designers to refine user interfaces based on feedback.']",Frontend & Mobile
Mid UX Designer,Mid,2-5 years,"['Figma', 'Adobe XD', 'Sketch', 'InVision']","['User Journey Mapping', 'Interaction Design', 'Responsive Design', 'A/B Testing']","['Lead user research initiatives and synthesize findings into actionable design improvements.', 'Develop high-fidelity prototypes and conduct usability testing to validate design decisions.', 'Collaborate with cross-functional teams to ensure designs are implemented accurately and effectively.']",Frontend & Mobile
Senior UX Designer,Senior,5+ years,"['Figma', 'Adobe XD', 'Sketch', 'InVision', 'Axure']","['Design Systems', 'Information Architecture', 'User-Centered Design', 'Mentorship']","['Architect comprehensive user experience strategies that align with business goals.', 'Mentor junior and mid-level designers, providing guidance on best practices and design methodologies.', 'Oversee the design process from concept to execution, ensuring a cohesive user experience across platforms.']",Frontend & Mobile
Junior Product Designer,Junior,0-2 years,"['Figma', 'Sketch', 'Adobe XD']","['User Interface Design', 'User Experience Research', 'Wireframing', 'Prototyping']","['Assist in creating user-centered designs for web and mobile applications.', 'Conduct user research and usability testing to gather feedback.', 'Collaborate with senior designers and developers to implement design solutions.']",Frontend & Mobile
Mid Product Designer,Mid,2-5 years,"['Figma', 'Sketch', 'InVision', 'Adobe Creative Suite']","['Interaction Design', 'Visual Design', 'User Journey Mapping', 'Design Systems']","['Lead design projects from concept to completion, ensuring alignment with user needs.', 'Develop and maintain design systems and guidelines for consistency across products.', 'Collaborate with cross-functional teams to integrate user feedback into design iterations.']",Frontend & Mobile
Senior Product Designer,Senior,5+ years,"['Figma', 'Sketch', 'Adobe XD', 'Zeplin']","['Strategic Design Thinking', 'User-Centered Design', 'Mentoring Junior Designers', 'Design Leadership']","['Architect and oversee the design strategy for multiple product lines.', 'Drive user research initiatives to inform product direction and design decisions.', 'Mentor and guide junior and mid-level designers, fostering a culture of design excellence.']",Frontend & Mobile
Cybersecurity Analyst,Junior,0-2 years,"['Wireshark', 'Splunk', 'Nessus']","['Network Security', 'Incident Response', 'Vulnerability Assessment']","['Assist in monitoring security alerts and incidents using SIEM tools.', 'Conduct basic vulnerability assessments and report findings.', 'Support the team in incident response activities and documentation.']",Cybersecurity
Cybersecurity Analyst,Mid,2-5 years,"['Splunk', 'Palo Alto Networks', 'Tenable']","['Threat Analysis', 'Security Information and Event Management (SIEM)', 'Intrusion Detection Systems (IDS)']","['Manage and analyze security incidents using SIEM tools to identify and mitigate threats.', 'Perform advanced vulnerability assessments and penetration testing.', 'Develop and implement security policies and procedures to enhance organizational security.']",Cybersecurity
Cybersecurity Analyst,Senior,5+ years,"['Splunk', 'CrowdStrike', 'AWS Security Hub']","['Security Architecture', 'Incident Response Planning', 'Risk Management']","['Design and implement security architectures for cloud and on-premises environments.', 'Lead incident response efforts and coordinate with cross-functional teams during security breaches.', 'Mentor junior analysts and provide guidance on security best practices and tools.']",Cybersecurity
Junior Python Developer,Junior,0-2 years,"['Python', 'Flask', 'SQLite']","['Basic understanding of Python', 'Version control with Git', 'RESTful API development']","['Assist in developing and maintaining Python applications', 'Write clean, maintainable code under supervision', 'Participate in code reviews and debugging']",Software Engineering
Mid-Level Python Developer,Mid,2-5 years,"['Python', 'Django', 'PostgreSQL', 'Docker']","['Proficient in Python and Django framework', 'Experience with RESTful APIs and microservices', 'Familiarity with CI/CD pipelines using Jenkins or GitLab CI']","['Develop and deploy scalable web applications', 'Implement automated testing and continuous integration', 'Collaborate with front-end developers to integrate user-facing elements']",Software Engineering
Senior Python Developer,Senior,5+ years,"['Python', 'FastAPI', 'AWS', 'Kubernetes']","['Expertise in Python and FastAPI for building high-performance applications', 'Strong understanding of cloud architecture and services (AWS)', 'Experience in designing microservices and distributed systems']","['Architect and design scalable applications and services', 'Mentor junior and mid-level developers', 'Ensure code quality through best practices and code reviews']",Software Engineering
Junior Data Engineer,Junior,0-2 years,"['Python', 'SQL', 'Apache Spark']","['Data Modeling', 'ETL Processes', 'Basic SQL Queries']","['Assist in the development and maintenance of data pipelines.', 'Support data integration and transformation processes.', 'Perform data quality checks and troubleshoot data issues.']",Data & AI
Mid-Level Data Engineer,Mid,2-5 years,"['Python', 'SQL', 'Apache Airflow', 'AWS Redshift']","['Data Warehousing', 'ETL Automation', 'CI/CD Pipelines']","['Design and implement scalable data pipelines using Apache Airflow.', 'Optimize data storage solutions in AWS Redshift.', 'Collaborate with data scientists to ensure data availability and quality.']",Data & AI
Senior Data Engineer,Senior,5+ years,"['Python', 'SQL', 'Apache Kafka', 'Google BigQuery']","['Data Architecture', 'Real-time Data Processing', 'Cloud Infrastructure']","['Architect and design robust data systems for real-time analytics.', 'Lead the implementation of data governance and security best practices.', 'Mentor junior engineers and drive best practices in data engineering.']",Data & AI
Junior Network Engineer,Junior,0-2 years,"['Cisco IOS', 'TCP/IP', 'Wireshark']","['Basic networking concepts', 'Troubleshooting', 'Network monitoring tools']","['Assist in the configuration and maintenance of network devices', 'Monitor network performance and troubleshoot connectivity issues', 'Document network configurations and changes']",Networking
Mid-Level Network Engineer,Mid,2-5 years,"['Cisco ASA', 'BGP', 'VLAN']","['Network security protocols', 'Routing and switching', 'Network automation with Python']","['Design and implement network solutions to meet business needs', 'Manage and optimize routing protocols and network performance', 'Conduct regular network assessments and implement improvements']",Networking
Senior Network Engineer,Senior,5+ years,"['Cisco ACI', 'SD-WAN', 'Network Function Virtualization (NFV)']","['Advanced network architecture design', 'Security best practices', 'Mentoring junior engineers']","['Architect and oversee the deployment of complex network infrastructures', 'Ensure network security and compliance with industry standards', 'Lead troubleshooting efforts for critical network issues and mentor team members']",Networking
Junior Cloud Architect,Junior,0-2 years,"['AWS', 'Azure', 'Terraform']","['Basic understanding of cloud services', 'Networking fundamentals', 'Infrastructure as Code (IaC) with Terraform']","['Assist in designing cloud infrastructure solutions', 'Support deployment and configuration of cloud resources', 'Participate in troubleshooting and resolving cloud-related issues']",Cloud & DevOps
Mid-Level Cloud Architect,Mid,2-5 years,"['AWS', 'Azure', 'Terraform', 'Kubernetes']","['Proficient in cloud architecture design', 'Experience with CI/CD pipelines', 'Knowledge of container orchestration with Kubernetes']","['Design and implement scalable cloud solutions', 'Manage cloud infrastructure using Terraform', 'Optimize cloud costs and performance']",Cloud & DevOps
Senior Cloud Architect,Senior,5+ years,"['AWS', 'Azure', 'Terraform', 'Kubernetes', 'Docker']","['Expertise in multi-cloud architecture', 'Strong understanding of security best practices in cloud environments', 'Ability to mentor junior team members']","['Architect and oversee complex cloud solutions across multiple platforms', 'Establish best practices for cloud governance and security', 'Lead cloud migration projects and strategy']",Cloud & DevOps
Junior Systems Engineer,Junior,0-2 years,"['Linux', 'Windows Server', 'Docker']","['Basic networking concepts', 'Troubleshooting', 'Version control (Git)']","['Assist in the installation and configuration of systems and servers.', 'Monitor system performance and troubleshoot issues.', 'Support senior engineers in maintaining system documentation.']",Cloud & DevOps
Mid-Level Systems Engineer,Mid,2-5 years,"['Linux', 'AWS', 'Terraform']","['Infrastructure as Code (IaC)', 'Continuous Integration/Continuous Deployment (CI/CD)', 'Scripting (Python, Bash)']","['Design and implement scalable infrastructure solutions using AWS and Terraform.', 'Automate system deployment and configuration management.', 'Collaborate with development teams to optimize application performance.']",Cloud & DevOps
Senior Systems Engineer,Senior,5+ years,"['Kubernetes', 'OpenStack', 'Ansible']","['System architecture design', 'Multi-cloud strategy', 'Security best practices']","['Architect and implement complex, scalable systems across multiple cloud environments.', 'Lead the design of automated deployment pipelines and infrastructure monitoring solutions.', 'Mentor junior and mid-level engineers, providing guidance on best practices and system optimization.']",Cloud & DevOps
Junior Java Developer,Junior,0-2 years,"['Java', 'Spring Boot', 'MySQL']","['Object-Oriented Programming', 'Basic SQL', 'Version Control (Git)']","['Assist in the development of Java applications under the guidance of senior developers.', 'Write clean, maintainable code and perform basic debugging.', 'Participate in code reviews and contribute to team knowledge sharing.']",Software Engineering
Mid-Level Java Developer,Mid,2-5 years,"['Java', 'Spring Boot', 'Hibernate', 'AWS']","['RESTful API Development', 'Unit Testing (JUnit)', 'Continuous Integration/Continuous Deployment (CI/CD)']","['Design and implement scalable Java applications using Spring Boot and Hibernate.', 'Develop and maintain RESTful APIs for integration with front-end applications.', 'Collaborate with cross-functional teams to define, design, and ship new features.']",Software Engineering
Senior Java Developer,Senior,5+ years,"['Java', 'Spring Boot', 'Microservices', 'Kubernetes', 'Docker']","['System Architecture', 'Cloud Services (AWS/Azure)', 'Performance Tuning']","['Architect and design robust, scalable Java applications and microservices.', 'Lead the development team in best practices for coding, testing, and deployment.', 'Mentor junior and mid-level developers, fostering a culture of continuous improvement.']",Software Engineering
.NET Developer,Junior,0-2 years,"['C#', '.NET Core', 'SQL Server']","['Basic understanding of OOP principles', 'Familiarity with ASP.NET', 'Version control using Git']","['Assist in the development of web applications using .NET technologies', 'Participate in code reviews and debugging sessions', 'Collaborate with senior developers to learn best practices']",Software Engineering
.NET Developer,Mid,2-5 years,"['C#', '.NET Core', 'Entity Framework', 'Azure']","['Proficient in ASP.NET MVC and Web API', 'Experience with automated testing frameworks like xUnit', 'Knowledge of CI/CD pipelines using Azure DevOps']","['Design and implement scalable web applications', 'Optimize application performance and troubleshoot issues', 'Mentor junior developers and conduct code reviews']",Software Engineering
.NET Developer,Senior,5+ years,"['C#', '.NET Core', 'Microservices', 'Kubernetes', 'Azure']","['Expertise in system architecture and design patterns', 'Strong understanding of security best practices in web applications', 'Experience with containerization and orchestration using Docker and Kubernetes']","['Lead the architecture and development of complex, distributed systems', 'Establish coding standards and best practices across the team', 'Drive the adoption of new technologies and methodologies']",Software Engineering
Junior Web Developer,Junior,0-2 years,"['HTML', 'CSS', 'JavaScript']","['Responsive Design', 'Basic Git', 'Debugging']","['Assist in the development of web applications using HTML, CSS, and JavaScript.', 'Collaborate with senior developers to implement design mockups.', 'Perform testing and debugging of web applications to ensure functionality.']",Frontend & Mobile
Mid Web Developer,Mid,2-5 years,"['React', 'Node.js', 'Express']","['RESTful APIs', 'Version Control (Git)', 'Automated Testing']","['Develop and maintain web applications using React and Node.js.', 'Implement and consume RESTful APIs for dynamic data handling.', 'Participate in code reviews and contribute to CI/CD pipelines.']",Frontend & Mobile
Senior Web Developer,Senior,5+ years,"['Angular', 'Django', 'AWS']","['Microservices Architecture', 'Security Best Practices', 'Mentoring']","['Architect and develop scalable web applications using Angular and Django.', 'Design and implement microservices for improved application performance.', 'Lead and mentor junior developers, providing guidance on best practices.']",Frontend & Mobile
Junior Software Tester (SDET),Junior,0-2 years,"['Java', 'JUnit', 'Selenium']","['Basic understanding of software testing principles', 'Familiarity with version control systems (e.g., Git)', 'Ability to write simple test cases']","['Assist in the development of automated test scripts', 'Execute manual and automated tests', 'Report and track defects using issue tracking tools']",Software Engineering
Mid-Level Software Tester (SDET),Mid,2-5 years,"['Java', 'JUnit', 'Selenium', 'TestNG', 'Cucumber']","['Proficient in writing and executing automated test cases', 'Experience with CI/CD tools (e.g., Jenkins)', 'Knowledge of API testing using Postman or RestAssured']","['Design and implement automated test frameworks', 'Collaborate with development teams to ensure quality in the software lifecycle', 'Analyze test results and provide actionable insights']",Software Engineering
Senior Software Tester (SDET),Senior,5+ years,"['Java', 'JUnit', 'Selenium', 'TestNG', 'Cucumber', 'Docker', 'Kubernetes']","['Expertise in test automation architecture and design', 'Strong understanding of performance testing tools (e.g., JMeter)', 'Experience in mentoring junior testers and leading testing initiatives']","['Architect and implement scalable test automation solutions', 'Drive the adoption of best practices in testing and quality assurance', 'Lead cross-functional teams in defining testing strategies and processes']",Software Engineering
Junior Solutions Architect,Junior,0-2 years,"['AWS', 'Azure', 'Terraform']","['Basic understanding of cloud architecture', 'Familiarity with RESTful APIs', 'Knowledge of microservices']","['Assist in the design and implementation of cloud-based solutions', 'Support senior architects in gathering requirements and creating technical documentation', 'Participate in code reviews and contribute to the development of proof-of-concept projects']",Cloud & DevOps
Mid-Level Solutions Architect,Mid,2-5 years,"['AWS', 'Azure', 'Kubernetes', 'Terraform']","['Experience with CI/CD pipelines', 'Proficiency in container orchestration', 'Understanding of security best practices in cloud environments']","['Design and implement scalable and secure cloud architectures', 'Lead the integration of various services and APIs into cohesive solutions', 'Mentor junior team members and conduct technical workshops']",Cloud & DevOps
Senior Solutions Architect,Senior,5+ years,"['AWS', 'Azure', 'Kubernetes', 'Terraform', 'Microservices']","['Expertise in multi-cloud architectures', 'Strong knowledge of enterprise integration patterns', 'Ability to design for high availability and disaster recovery']","['Architect and oversee the implementation of complex, large-scale solutions across multiple cloud platforms', 'Drive technology strategy and best practices for cloud adoption and migration', 'Collaborate with stakeholders to align technical solutions with business objectives and provide thought leadership']",Cloud & DevOps
Junior Big Data Specialist,Junior,0-2 years,"['Hadoop', 'Spark', 'Python']","['Data Analysis', 'SQL', 'Basic ETL processes']","['Assist in the collection, processing, and analysis of large datasets.', 'Support the development of data pipelines using Hadoop and Spark.', 'Collaborate with senior team members to troubleshoot and resolve data issues.']",Data & AI
Mid Big Data Specialist,Mid,2-5 years,"['Hadoop', 'Spark', 'Kafka', 'AWS']","['Data Modeling', 'ETL Development', 'CI/CD for Data Pipelines']","['Design and implement scalable data processing solutions using Spark and Hadoop.', 'Develop and maintain ETL processes to ensure data quality and integrity.', 'Utilize AWS services such as S3 and EMR to manage and analyze large datasets.']",Data & AI
Senior Big Data Specialist,Senior,5+ years,"['Hadoop', 'Spark', 'Kafka', 'AWS', 'Azure']","['System Architecture', 'Data Governance', 'Performance Tuning']","['Architect and oversee the implementation of large-scale data processing frameworks.', 'Mentor junior and mid-level team members on best practices in big data technologies.', 'Ensure data security and compliance across multi-cloud environments.']",Data & AI
Junior Fintech Engineer,Junior,0-2 years,"['Python', 'SQL', 'Django']","['Basic understanding of financial systems', 'Version control with Git', 'RESTful API development']","['Assist in the development of financial applications using Python and Django.', 'Write and optimize SQL queries for data retrieval and manipulation.', 'Collaborate with senior engineers to troubleshoot and fix bugs in existing applications.']",Software Engineering
Mid-Level Fintech Engineer,Mid,2-5 years,"['Python', 'Django', 'AWS']","['Experience with financial APIs', 'Automated testing with pytest', 'CI/CD pipelines using Jenkins or GitHub Actions']","['Design and implement scalable financial applications using Django and AWS services.', 'Develop and maintain automated test suites to ensure application reliability.', 'Integrate third-party financial APIs and ensure compliance with security standards.']",Software Engineering
Senior Fintech Engineer,Senior,5+ years,"['Python', 'Django', 'Kubernetes']","['System architecture design', 'Microservices architecture', 'Mentoring junior engineers']","['Architect and lead the development of complex financial systems using microservices and Kubernetes.', 'Ensure high availability and security of financial applications across multi-cloud environments.', 'Mentor and guide junior and mid-level engineers in best practices and technology adoption.']",Software Engineering
Junior AI Prompt Engineer,Junior,0-2 years,"['Python', 'OpenAI API', 'Jupyter Notebook']","['Natural Language Processing', 'Basic Machine Learning', 'Data Annotation']","['Assist in developing and refining AI prompts for various applications.', 'Conduct experiments to evaluate prompt effectiveness and gather feedback.', 'Collaborate with senior engineers to understand user requirements and improve prompt design.']",Data & AI
Mid AI Prompt Engineer,Mid,2-5 years,"['Python', 'OpenAI API', 'TensorFlow', 'Hugging Face Transformers']","['Advanced Natural Language Processing', 'Prompt Engineering Techniques', 'Model Fine-tuning']","['Design and implement effective AI prompts for production-level applications.', 'Analyze and optimize prompt performance using A/B testing and user feedback.', 'Collaborate with cross-functional teams to integrate AI solutions into existing workflows.']",Data & AI
Senior AI Prompt Engineer,Senior,5+ years,"['Python', 'OpenAI API', 'TensorFlow', 'Kubernetes', 'AWS']","['System Architecture for AI Solutions', 'Scalable Prompt Design', 'Mentoring and Leadership']","['Architect and lead the development of scalable AI prompt systems across multiple platforms.', 'Establish best practices for prompt engineering and oversee implementation across teams.', 'Drive research initiatives to explore new methodologies in AI prompt design and optimization.']",Data & AI
Junior Blockchain Developer,Junior,0-2 years,"['Solidity', 'Ethereum', 'JavaScript']","['Basic understanding of blockchain technology', 'Smart contract development', 'Version control with Git']","['Assist in the development of smart contracts on the Ethereum blockchain', 'Participate in code reviews and debugging', 'Collaborate with senior developers to learn best practices in blockchain development']",Software Engineering
Mid-Level Blockchain Developer,Mid,2-5 years,"['Solidity', 'Ethereum', 'Node.js', 'Truffle']","['Proficient in smart contract development and testing', 'Experience with decentralized applications (dApps)', 'Knowledge of blockchain security best practices']","['Design and implement smart contracts and dApps', 'Develop and maintain CI/CD pipelines for blockchain projects', 'Conduct code reviews and mentor junior developers']",Software Engineering
Senior Blockchain Developer,Senior,5+ years,"['Solidity', 'Ethereum', 'Hyperledger', 'IPFS']","['Expertise in blockchain architecture and design patterns', 'Experience with multi-chain solutions and interoperability', 'Strong understanding of cryptography and consensus algorithms']","['Architect and design scalable blockchain solutions', 'Lead development teams and oversee project delivery', 'Evaluate and implement new blockchain technologies and frameworks']",Software Engineering
Junior Robotics Engineer,Junior,0-2 years,"['Python', 'ROS', 'Arduino']","['Basic programming in Python', 'Understanding of robotics concepts', 'Familiarity with sensors and actuators']","['Assist in the development of robotic systems', 'Conduct basic testing and troubleshooting of robotic components', 'Collaborate with senior engineers on project tasks']",Robotics Engineering
Mid-Level Robotics Engineer,Mid,2-5 years,"['C++', 'ROS', 'Gazebo']","['Proficient in C++ programming', 'Experience with robotic simulation tools like Gazebo', 'Knowledge of control algorithms and machine learning techniques']","['Design and implement robotic systems for specific applications', 'Develop and optimize algorithms for perception and navigation', 'Integrate sensors and actuators into robotic platforms']",Robotics Engineering
Senior Robotics Engineer,Senior,5+ years,"['C++', 'ROS', 'TensorFlow']","['Expertise in system architecture for robotics', 'Strong background in machine learning and AI for robotics', 'Experience with multi-robot systems and distributed computing']","['Lead the design and architecture of complex robotic systems', 'Mentor junior and mid-level engineers', 'Research and implement advanced algorithms for autonomous robotics']",Robotics Engineering
Junior Javascript Developer,Junior,0-2 years,"['JavaScript', 'HTML', 'CSS']","['Basic understanding of JavaScript ES6+', 'Familiarity with DOM manipulation', 'Version control with Git']","['Assist in the development of web applications using JavaScript', 'Write clean, maintainable code under the guidance of senior developers', 'Debug and fix issues in existing applications']",Frontend & Mobile
Mid-Level Javascript Developer,Mid,2-5 years,"['JavaScript', 'React', 'Node.js']","['Proficient in React and state management libraries (Redux)', 'Experience with RESTful APIs and asynchronous programming', 'Familiarity with CI/CD tools like Jenkins or GitHub Actions']","['Develop and maintain scalable web applications using React and Node.js', 'Implement automated testing frameworks to ensure code quality', 'Collaborate with UX/UI designers to create responsive designs']",Frontend & Mobile
Senior Javascript Developer,Senior,5+ years,"['JavaScript', 'TypeScript', 'GraphQL']","['Expertise in building large-scale applications with TypeScript', 'Strong understanding of microservices architecture and serverless frameworks', 'Experience mentoring junior developers and leading code reviews']","['Architect and design complex web applications with a focus on performance and scalability', 'Implement security best practices in web applications', 'Drive the adoption of new technologies and frameworks within the team']",Frontend & Mobile
Junior AR/VR Developer,Junior,0-2 years,"['Unity', 'C#', 'ARKit', 'ARCore']","['Basic 3D modeling', 'Understanding of AR/VR concepts', 'Version control (Git)']","['Assist in the development of AR/VR applications using Unity.', 'Collaborate with senior developers to implement features and fix bugs.', 'Participate in code reviews and contribute to team knowledge sharing.']",Software Engineering
Mid AR/VR Developer,Mid,2-5 years,"['Unity', 'C#', 'Vuforia', 'OpenXR']","['Experience with AR/VR frameworks', 'Proficient in 3D graphics programming', 'CI/CD pipelines']","['Design and develop interactive AR/VR experiences using Unity and Vuforia.', 'Optimize applications for performance and user experience.', 'Implement automated testing and deployment processes.']",Software Engineering
Senior AR/VR Developer,Senior,5+ years,"['Unity', 'C#', 'Unreal Engine', 'WebXR']","['System architecture design', 'Mentoring junior developers', 'Cross-platform development']","['Architect and lead the development of complex AR/VR systems.', 'Evaluate and integrate new technologies and tools into the development process.', 'Guide the team in best practices for AR/VR development and performance optimization.']",Software Engineering
Junior IoT Engineer,Junior,0-2 years,"['Arduino', 'Raspberry Pi', 'MQTT']","['C/C++', 'Python', 'Basic Networking', 'Embedded Systems']","['Assist in the development and testing of IoT devices and applications.', 'Support the integration of sensors and actuators into existing systems.', 'Troubleshoot and debug hardware and software issues in IoT devices.']",IoT & Embedded Systems
Mid IoT Engineer,Mid,2-5 years,"['AWS IoT', 'Node.js', 'Azure IoT Hub']","['JavaScript', 'RESTful APIs', 'Data Protocols (CoAP, MQTT)', 'Cloud Services']","['Design and implement scalable IoT solutions using cloud services.', 'Develop and maintain firmware for IoT devices with a focus on performance and security.', 'Collaborate with cross-functional teams to integrate IoT solutions into larger systems.']",IoT & Cloud Engineering
Senior IoT Engineer,Senior,5+ years,"['Kubernetes', 'Docker', 'Google Cloud IoT']","['System Architecture', 'Microservices', 'Security Best Practices', 'Data Analytics']","['Architect and design robust IoT systems that are scalable and secure.', 'Lead the development of IoT applications and oversee deployment on cloud platforms.', 'Mentor junior engineers and provide technical guidance on best practices in IoT development.']",IoT & Systems Architecture
Junior Ethical Hacker,Junior,0-2 years,"['Kali Linux', 'Burp Suite', 'Metasploit']","['Basic networking concepts', 'Vulnerability assessment', 'Penetration testing fundamentals']","['Assist in conducting vulnerability assessments and penetration tests under supervision.', 'Learn to use security tools such as Burp Suite and Metasploit to identify security weaknesses.', 'Document findings and assist in preparing reports for senior team members.']",Cybersecurity
Mid-Level Ethical Hacker,Mid,2-5 years,"['Kali Linux', 'Burp Suite', 'Metasploit', 'Nmap', 'OWASP ZAP']","['Web application security', 'Network penetration testing', 'Security auditing']","['Conduct independent penetration tests on web applications and networks.', 'Utilize tools like Nmap and OWASP ZAP to identify and exploit vulnerabilities.', 'Collaborate with development teams to remediate security issues and improve security posture.']",Cybersecurity
Senior Ethical Hacker,Senior,5+ years,"['Kali Linux', 'Burp Suite', 'Metasploit', 'Nmap', 'AWS Security Tools']","['Advanced penetration testing', 'Security architecture review', 'Incident response']","['Lead penetration testing engagements and security assessments for complex environments.', 'Design and implement security testing methodologies and frameworks.', 'Mentor junior and mid-level ethical hackers, providing guidance on best practices and advanced techniques.']",Cybersecurity
Junior Site Reliability Engineer,Junior,0-2 years,"['Linux', 'Docker', 'Prometheus']","['Basic scripting in Python', 'Understanding of HTTP/HTTPS', 'Monitoring tools']","['Assist in maintaining system uptime and reliability', 'Support incident response and troubleshooting', 'Help automate routine tasks and deployments']",Cloud & DevOps
Mid-Level Site Reliability Engineer,Mid,2-5 years,"['Kubernetes', 'Terraform', 'Grafana']","['CI/CD pipeline implementation', 'Container orchestration', 'Infrastructure as Code (IaC) principles']","['Design and implement scalable systems', 'Manage and optimize cloud infrastructure', 'Develop and maintain monitoring and alerting systems']",Cloud & DevOps
Senior Site Reliability Engineer,Senior,5+ years,"['AWS', 'Kubernetes', 'Istio']","['System architecture design', 'Advanced troubleshooting and performance tuning', 'Mentoring junior engineers']","['Architect and implement resilient systems across multiple cloud environments', 'Lead incident management and post-mortem analysis', 'Establish best practices for reliability and performance']",Cloud & DevOps
Junior Game Developer,Junior,0-2 years,"['Unity', 'C#', 'Git']","['Basic understanding of game design principles', 'Proficiency in C#', 'Version control with Git', 'Debugging and troubleshooting']","['Assist in the development of game features under supervision', 'Write clean and maintainable code', 'Participate in code reviews and team meetings']",Game Development
Mid-Level Game Developer,Mid,2-5 years,"['Unity', 'C#', 'Unreal Engine', 'Git', 'Jira']","['Proficient in C# and Unity for game development', 'Experience with Unreal Engine for 3D game development', 'Knowledge of game physics and AI programming', 'Familiarity with CI/CD pipelines']","['Design and implement game mechanics and systems', 'Collaborate with artists and designers to create engaging gameplay', 'Optimize game performance and troubleshoot issues']",Game Development
Senior Game Developer,Senior,5+ years,"['Unity', 'C#', 'Unreal Engine', 'AWS', 'Docker']","['Expertise in game architecture and design patterns', 'Strong understanding of multiplayer game development', 'Experience with cloud services for game hosting', 'Mentoring junior developers']","['Lead the game development team in creating high-quality games', 'Architect scalable game systems and infrastructure', 'Ensure best practices in code quality and performance optimization']",Game Development
Junior Go Developer,Junior,0-2 years,"['Go', 'Docker', 'PostgreSQL']","['Basic understanding of Go programming', 'RESTful API development', 'Version control with Git']","['Assist in developing and maintaining Go applications', 'Write clean, maintainable code under supervision', 'Participate in code reviews and debugging']",Software Engineering
Mid-Level Go Developer,Mid,2-5 years,"['Go', 'Kubernetes', 'AWS']","['Proficient in Go and its frameworks (e.g., Gin, Echo)', 'Experience with microservices architecture', 'CI/CD pipeline implementation using Jenkins or GitLab CI']","['Design and implement scalable Go applications', 'Optimize application performance and reliability', 'Collaborate with cross-functional teams to define and implement new features']",Software Engineering
Senior Go Developer,Senior,5+ years,"['Go', 'Kubernetes', 'GCP/Azure']","['Expertise in system architecture and design patterns', 'Strong knowledge of distributed systems and cloud-native applications', 'Mentoring junior developers and leading technical discussions']","['Architect and build high-performance, scalable applications', 'Ensure security best practices are followed in application development', 'Drive technical direction and innovation within the team']",Software Engineering
Junior Rust Developer,Junior,0-2 years,"['Rust', 'Git', 'Cargo']","['Basic understanding of Rust programming', 'Version control with Git', 'Familiarity with Cargo package manager', 'Debugging and troubleshooting']","['Assist in the development of Rust applications', 'Write clean and efficient code under supervision', 'Participate in code reviews and learn from feedback']",Software Engineering
Mid Rust Developer,Mid,2-5 years,"['Rust', 'Actix', 'PostgreSQL', 'Docker']","['Proficient in Rust and its ecosystem', 'Experience with web frameworks like Actix', 'Database design and management with PostgreSQL', 'Containerization using Docker', 'CI/CD practices']","['Develop and maintain scalable Rust applications', 'Implement RESTful APIs and microservices', 'Optimize application performance and conduct code reviews']",Software Engineering
Senior Rust Developer,Senior,5+ years,"['Rust', 'Tokio', 'gRPC', 'Kubernetes', 'AWS']","['Expertise in Rust and asynchronous programming with Tokio', 'Designing and implementing gRPC services', 'Experience with container orchestration using Kubernetes', 'Cloud architecture on AWS', 'Mentoring junior developers']","['Architect and design complex systems using Rust', 'Lead the development of high-performance applications', 'Ensure code quality and security best practices', 'Collaborate with cross-functional teams to define system requirements']",Software Engineering
Junior Ruby on Rails Developer,Junior,0-2 years,"['Ruby', 'Ruby on Rails', 'PostgreSQL']","['HTML', 'CSS', 'JavaScript', 'Git', 'Basic SQL']","['Assist in the development of web applications using Ruby on Rails.', 'Write clean, maintainable code and perform debugging.', 'Collaborate with senior developers to understand project requirements and implement features.']",Software Engineering
Mid Ruby on Rails Developer,Mid,2-5 years,"['Ruby', 'Ruby on Rails', 'PostgreSQL', 'Redis', 'Sidekiq']","['RESTful APIs', 'RSpec', 'Capistrano', 'CI/CD', 'Agile methodologies']","['Design and implement scalable web applications using Ruby on Rails.', 'Develop and maintain RESTful APIs for frontend integration.', 'Optimize application performance and troubleshoot issues in production environments.']",Software Engineering
Senior Ruby on Rails Developer,Senior,5+ years,"['Ruby', 'Ruby on Rails', 'PostgreSQL', 'Docker', 'Kubernetes']","['System architecture', 'Microservices', 'Security best practices', 'Mentoring', 'Cloud services (AWS, GCP)']","['Architect and lead the development of complex, high-traffic web applications.', 'Implement best practices for security, performance, and scalability.', 'Mentor junior and mid-level developers, providing guidance on coding standards and design patterns.']",Software Engineering
Junior PHP / Laravel Developer,Junior,0-2 years,"['PHP', 'Laravel', 'MySQL']","['HTML', 'CSS', 'JavaScript', 'Git', 'Basic understanding of MVC architecture']","['Assist in the development of web applications using PHP and Laravel', 'Write clean, maintainable code and perform bug fixes', 'Collaborate with senior developers to learn best practices and improve coding skills']",Software Engineering
Mid PHP / Laravel Developer,Mid,2-5 years,"['PHP', 'Laravel', 'MySQL', 'Redis', 'Docker']","['RESTful API development', 'Unit testing with PHPUnit', 'Version control with Git', 'CI/CD pipelines', 'Understanding of front-end technologies (Vue.js or React)']","['Develop and maintain scalable web applications using PHP and Laravel', 'Implement automated testing and CI/CD processes', 'Optimize application performance and troubleshoot issues']",Software Engineering
Senior PHP / Laravel Developer,Senior,5+ years,"['PHP', 'Laravel', 'MySQL', 'Redis', 'AWS']","['System architecture design', 'Microservices architecture', 'Security best practices', 'Mentoring junior developers', 'Advanced knowledge of Docker and Kubernetes']","['Architect and design complex web applications using PHP and Laravel', 'Lead development teams and mentor junior and mid-level developers', 'Ensure application security and performance optimization across multiple environments']",Software Engineering
Junior Scala Developer,Junior,0-2 years,"['Scala', 'Akka', 'SBT']","['Basic understanding of functional programming', 'Version control with Git', 'Unit testing with ScalaTest']","['Assist in developing and maintaining Scala applications', 'Write clean, maintainable code under supervision', 'Participate in code reviews and learn from feedback']",Software Engineering
Mid-Level Scala Developer,Mid,2-5 years,"['Scala', 'Akka', 'Play Framework', 'Apache Spark']","['Proficient in functional programming principles', 'Experience with RESTful API design', 'Familiarity with CI/CD pipelines using Jenkins or GitLab CI']","['Develop and optimize scalable applications using Scala and Akka', 'Implement automated testing and deployment processes', 'Collaborate with cross-functional teams to define and design new features']",Software Engineering
Senior Scala Developer,Senior,5+ years,"['Scala', 'Akka', 'Play Framework', 'Apache Spark', 'Kubernetes']","['Expertise in system architecture and design patterns', 'Strong knowledge of microservices architecture', 'Experience with cloud platforms like AWS or Azure']","['Architect and design scalable, high-performance systems using Scala', 'Mentor junior and mid-level developers, providing guidance on best practices', 'Lead the implementation of complex features and ensure code quality through reviews and testing']",Software Engineering
Junior Elixir / Erlang Developer,Junior,0-2 years,"['Elixir', 'Erlang', 'PostgreSQL']","['Basic understanding of functional programming', 'Familiarity with Git', 'Knowledge of RESTful APIs']","['Assist in the development of Elixir applications under the guidance of senior developers', 'Write clean, maintainable code and perform debugging tasks', 'Participate in code reviews and contribute to team knowledge sharing']",Software Engineering
Mid-Level Elixir / Erlang Developer,Mid,2-5 years,"['Elixir', 'Erlang', 'Phoenix Framework', 'PostgreSQL', 'Docker']","['Experience with building scalable applications', 'Proficiency in using Phoenix for web development', 'Understanding of CI/CD pipelines']","['Design and implement robust Elixir applications using the Phoenix framework', 'Optimize application performance and troubleshoot issues in production environments', 'Collaborate with cross-functional teams to define and implement new features']",Software Engineering
Senior Elixir / Erlang Developer,Senior,5+ years,"['Elixir', 'Erlang', 'Phoenix Framework', 'RabbitMQ', 'Kubernetes']","['Expertise in distributed systems architecture', 'Strong knowledge of microservices design patterns', 'Experience with cloud-native technologies']","['Architect and lead the development of high-performance, scalable Elixir applications', 'Mentor junior and mid-level developers, fostering best practices in coding and design', 'Evaluate and implement new technologies to enhance system performance and reliability']",Software Engineering
Junior Embedded Systems Engineer,Junior,0-2 years,"['C', 'C++', 'Arduino']","['Basic understanding of microcontrollers', 'Embedded C programming', 'Debugging with JTAG/ICE']","['Assist in the development and testing of embedded software for microcontroller-based systems', 'Participate in code reviews and contribute to documentation', 'Support senior engineers in troubleshooting and debugging hardware and software issues']",Embedded Systems
Mid Embedded Systems Engineer,Mid,2-5 years,"['C', 'C++', 'FreeRTOS', 'STM32']","['Proficient in real-time operating systems', 'Experience with hardware interfacing (I2C, SPI, UART)', 'Familiarity with version control systems (Git)']","['Design and implement embedded software solutions for complex systems', 'Develop and maintain automated testing frameworks for embedded applications', 'Collaborate with cross-functional teams to integrate hardware and software components']",Embedded Systems
Senior Embedded Systems Engineer,Senior,5+ years,"['C', 'C++', 'Linux', 'Zephyr']","['Expertise in system architecture and design of embedded systems', 'Strong knowledge of security practices in embedded software', 'Mentoring junior engineers and leading technical projects']","['Architect and design scalable embedded systems for high-performance applications', 'Lead the development of complex firmware and ensure compliance with industry standards', 'Conduct performance analysis and optimization of embedded software and hardware interactions']",Embedded Systems
Junior Firmware Engineer,Junior,0-2 years,"['C', 'C++', 'Embedded Linux']","['Basic understanding of microcontrollers', 'Debugging techniques', 'Version control (Git)']","['Assist in the development of firmware for embedded systems', 'Perform unit testing and debugging of firmware', 'Collaborate with senior engineers to learn best practices']",Embedded Systems
Mid-Level Firmware Engineer,Mid,2-5 years,"['C', 'C++', 'Embedded Linux', 'RTOS']","['Experience with hardware interfaces (I2C, SPI, UART)', 'Proficient in debugging tools (JTAG, oscilloscopes)', 'Continuous Integration/Continuous Deployment (CI/CD) practices']","['Design and implement firmware for complex embedded systems', 'Optimize firmware performance and memory usage', 'Conduct code reviews and mentor junior engineers']",Embedded Systems
Senior Firmware Engineer,Senior,5+ years,"['C', 'C++', 'Embedded Linux', 'RTOS', 'FreeRTOS']","['Expertise in system architecture for embedded systems', 'Strong understanding of security practices in firmware development', 'Experience with multi-threading and real-time systems']","['Architect and lead the development of scalable firmware solutions', 'Define and enforce coding standards and best practices', 'Collaborate with cross-functional teams to integrate firmware with hardware and software components']",Embedded Systems
Junior Linux Kernel Developer,Junior,0-2 years,"['C', 'Linux', 'GCC']","['Understanding of Linux kernel architecture', 'Basic debugging skills', 'Version control with Git']","['Assist in developing and maintaining Linux kernel modules', 'Participate in code reviews and contribute to bug fixes', 'Learn and apply kernel development best practices']",Software Engineering
Mid-Level Linux Kernel Developer,Mid,2-5 years,"['C', 'Linux', 'GCC', 'Make']","['Proficient in kernel debugging tools (e.g., GDB, ftrace)', 'Experience with kernel module development', 'Familiarity with device drivers']","['Design and implement new features in the Linux kernel', 'Optimize existing kernel code for performance and stability', 'Collaborate with cross-functional teams to integrate kernel changes']",Software Engineering
Senior Linux Kernel Developer,Senior,5+ years,"['C', 'Linux', 'GCC', 'Make', 'Git']","['Expertise in Linux kernel internals and architecture', 'Experience with multi-threading and synchronization', 'Strong understanding of hardware interfaces and device drivers']","['Architect and lead the development of complex kernel subsystems', 'Mentor junior and mid-level developers in kernel development practices', 'Contribute to upstream kernel development and maintain patches']",Software Engineering
Junior Distributed Systems Engineer,Junior,0-2 years,"['Go', 'Docker', 'Kubernetes']","['Basic understanding of distributed systems', 'Familiarity with RESTful APIs', 'Version control with Git']","['Assist in the development of distributed applications using Go', 'Participate in containerization of applications using Docker', 'Support the deployment and management of applications on Kubernetes']",Cloud & DevOps
Mid Distributed Systems Engineer,Mid,2-5 years,"['Go', 'Docker', 'Kubernetes', 'Apache Kafka', 'Prometheus']","['Proficient in building microservices', 'Experience with message brokers like Kafka', 'Knowledge of CI/CD pipelines']","['Design and implement scalable microservices architecture using Go', 'Integrate and manage message queues with Apache Kafka', 'Monitor and optimize system performance using Prometheus']",Cloud & DevOps
Senior Distributed Systems Engineer,Senior,5+ years,"['Go', 'Docker', 'Kubernetes', 'Apache Kafka', 'Terraform', 'Istio']","['Expertise in system architecture and design', 'Strong understanding of service mesh technologies', 'Mentoring and leading engineering teams']","['Architect and oversee the development of large-scale distributed systems', 'Implement service mesh solutions using Istio for enhanced security and observability', 'Lead cross-functional teams in the deployment of infrastructure as code using Terraform']",Cloud & DevOps
Junior Flutter Mobile Developer,Junior,0-2 years,"['Flutter', 'Dart', 'Firebase']","['Basic understanding of mobile app development', 'Version control with Git', 'UI/UX principles']","['Assist in the development of mobile applications using Flutter', 'Collaborate with designers to implement user interfaces', 'Debug and fix issues in existing applications']",Frontend & Mobile
Mid Flutter Mobile Developer,Mid,2-5 years,"['Flutter', 'Dart', 'RESTful APIs', 'Firebase']","['Experience with state management solutions (e.g., Provider, Bloc)', 'Knowledge of CI/CD pipelines', 'Automated testing frameworks (e.g., Flutter Test, Mockito)']","['Develop and maintain high-performance mobile applications using Flutter', 'Integrate third-party libraries and APIs', 'Implement CI/CD processes for mobile app deployment']",Frontend & Mobile
Senior Flutter Mobile Developer,Senior,5+ years,"['Flutter', 'Dart', 'GraphQL', 'Firebase', 'AWS']","['Expertise in mobile architecture and design patterns', 'Experience with multi-platform deployment strategies', 'Mentoring junior developers and code reviews']","['Architect and design scalable mobile applications using Flutter', 'Lead the mobile development team in best practices and code quality', 'Evaluate and implement new technologies to enhance mobile app performance']",Frontend & Mobile
Junior React Native Developer,Junior,0-2 years,"['React Native', 'JavaScript', 'Node.js']","['Basic understanding of React', 'Familiarity with RESTful APIs', 'Version control with Git']","['Assist in developing mobile applications using React Native', 'Collaborate with senior developers to implement UI components', 'Debug and fix issues in existing applications']",Frontend & Mobile
Mid-Level React Native Developer,Mid,2-5 years,"['React Native', 'JavaScript', 'Redux', 'Firebase']","['Proficient in state management with Redux', 'Experience with mobile app deployment on iOS and Android', 'Knowledge of CI/CD pipelines using tools like Jenkins or GitHub Actions']","['Design and develop high-quality mobile applications using React Native', 'Implement and maintain application architecture and state management', 'Collaborate with UX/UI designers to create seamless user experiences']",Frontend & Mobile
Senior React Native Developer,Senior,5+ years,"['React Native', 'TypeScript', 'GraphQL', 'AWS Amplify']","['Expertise in mobile application architecture and design patterns', 'Strong understanding of performance optimization techniques', 'Experience mentoring junior developers and leading projects']","['Architect scalable and maintainable mobile applications using React Native', 'Lead code reviews and ensure best practices in code quality', 'Integrate third-party services and APIs, ensuring security and performance']",Frontend & Mobile
Junior Vue.js Developer,Junior,0-2 years,"['Vue.js', 'HTML', 'CSS', 'JavaScript']","['Basic understanding of Vue.js', 'HTML5', 'CSS3', 'JavaScript ES6', 'Version control (Git)']","['Assist in developing user interfaces using Vue.js', 'Collaborate with designers to implement responsive web designs', 'Debug and fix issues in existing applications']",Frontend & Mobile
Mid-Level Vue.js Developer,Mid,2-5 years,"['Vue.js', 'Vuex', 'Nuxt.js', 'JavaScript', 'HTML', 'CSS']","['Proficient in Vue.js and state management with Vuex', 'Experience with server-side rendering using Nuxt.js', 'Familiarity with RESTful APIs', 'Automated testing frameworks (e.g., Jest, Cypress)', 'CI/CD pipelines']","['Develop and maintain scalable web applications using Vue.js', 'Implement state management solutions with Vuex', 'Optimize applications for maximum speed and scalability']",Frontend & Mobile
Senior Vue.js Developer,Senior,5+ years,"['Vue.js', 'Vuex', 'Nuxt.js', 'TypeScript', 'GraphQL']","['Expertise in Vue.js architecture and design patterns', 'Strong knowledge of TypeScript and GraphQL', 'Experience with microservices architecture', 'Mentoring junior developers', 'Performance optimization techniques']","['Architect and design complex web applications using Vue.js', 'Lead code reviews and provide mentorship to junior and mid-level developers', 'Collaborate with backend teams to integrate APIs and optimize data flow']",Frontend & Mobile
Junior Angular Developer,Junior,0-2 years,"['Angular', 'HTML', 'CSS', 'JavaScript']","['Basic understanding of TypeScript', 'Version control with Git', 'Responsive design principles']","['Assist in developing user interfaces using Angular', 'Collaborate with designers to implement UI/UX designs', 'Fix bugs and troubleshoot issues in existing applications']",Frontend & Mobile
Mid-Level Angular Developer,Mid,2-5 years,"['Angular', 'TypeScript', 'RxJS', 'HTML', 'CSS']","['Experience with RESTful APIs', 'Proficient in state management using NgRx', 'Familiarity with CI/CD pipelines and tools like Jenkins or GitLab CI']","['Develop and maintain scalable web applications using Angular', 'Implement complex features and optimize application performance', 'Conduct code reviews and mentor junior developers']",Frontend & Mobile
Senior Angular Developer,Senior,5+ years,"['Angular', 'TypeScript', 'Node.js', 'RxJS', 'HTML', 'CSS']","['Expertise in building modular and reusable components', 'Strong understanding of microservices architecture', 'Experience with cloud services like AWS or Azure']","['Architect and design complex Angular applications with a focus on scalability and performance', 'Lead the development team and provide technical guidance', 'Ensure best practices in code quality, security, and performance optimization']",Frontend & Mobile
Junior Cross-Platform Mobile Engineer,Junior,0-2 years,"['React Native', 'JavaScript', 'Git']","['Basic understanding of mobile app development', 'Familiarity with RESTful APIs', 'Version control with Git']","['Assist in the development of cross-platform mobile applications using React Native.', 'Collaborate with senior engineers to troubleshoot and resolve bugs.', 'Participate in code reviews and contribute to team knowledge sharing.']",Frontend & Mobile
Mid Cross-Platform Mobile Engineer,Mid,2-5 years,"['React Native', 'TypeScript', 'Firebase']","['Proficient in mobile application architecture', 'Experience with CI/CD pipelines', 'Knowledge of automated testing frameworks']","['Design and implement scalable cross-platform mobile applications using React Native.', 'Integrate third-party APIs and services, ensuring optimal performance.', 'Mentor junior developers and conduct code reviews to maintain code quality.']",Frontend & Mobile
Senior Cross-Platform Mobile Engineer,Senior,5+ years,"['React Native', 'GraphQL', 'AWS Amplify']","['Expertise in mobile architecture and design patterns', 'Strong understanding of security best practices', 'Experience with multi-platform deployment strategies']","['Architect and lead the development of complex cross-platform mobile applications.', 'Define best practices for mobile development and ensure adherence across teams.', 'Drive the adoption of new technologies and frameworks to enhance application performance and user experience.']",Frontend & Mobile
Web3 / DApp Frontend Developer,Junior,0-2 years,"['JavaScript', 'React', 'Web3.js']","['HTML', 'CSS', 'Git', 'Basic understanding of blockchain technology']","['Assist in developing user interfaces for decentralized applications (DApps)', 'Collaborate with senior developers to integrate smart contracts', 'Debug and fix frontend issues']",Frontend & Mobile
Web3 / DApp Frontend Developer,Mid,2-5 years,"['JavaScript', 'React', 'Web3.js', 'Redux', 'TypeScript']","['Responsive design', 'State management', 'CI/CD pipelines', 'Unit testing frameworks (e.g., Jest)']","['Develop and maintain scalable frontend applications for DApps', 'Implement state management solutions using Redux', 'Collaborate with backend developers to ensure seamless integration with smart contracts']",Frontend & Mobile
Web3 / DApp Frontend Developer,Senior,5+ years,"['JavaScript', 'React', 'Web3.js', 'Next.js', 'GraphQL']","['System architecture design', 'Performance optimization', 'Security best practices in DApp development', 'Mentoring junior developers']","['Architect and design complex frontend solutions for decentralized applications', 'Lead the integration of blockchain technologies into the frontend stack', 'Conduct code reviews and provide guidance to junior and mid-level developers']",Frontend & Mobile
Junior LLM / Generative AI Engineer,Junior,0-2 years,"['Python', 'TensorFlow', 'PyTorch']","['Basic understanding of machine learning concepts', 'Familiarity with NLP libraries', 'Data preprocessing techniques']","['Assist in developing and training language models', 'Conduct experiments to evaluate model performance', 'Collaborate with senior engineers to implement features']",Data & AI
Mid LLM / Generative AI Engineer,Mid,2-5 years,"['Python', 'TensorFlow', 'Hugging Face Transformers']","['Proficient in model fine-tuning and optimization', 'Experience with cloud platforms (AWS, GCP, or Azure)', 'Knowledge of CI/CD practices for ML workflows']","['Design and implement scalable generative AI solutions', 'Optimize existing models for performance and accuracy', 'Develop automated testing frameworks for model validation']",Data & AI
Senior LLM / Generative AI Engineer,Senior,5+ years,"['Python', 'TensorFlow', 'Kubernetes']","['Expertise in large-scale model architecture and deployment', 'Strong understanding of security best practices in AI', 'Mentoring and leading junior team members']","['Architect and oversee the deployment of generative AI systems', 'Drive research initiatives to explore new model architectures', 'Collaborate with cross-functional teams to integrate AI solutions into products']",Data & AI
Junior MLOps Engineer,Junior,0-2 years,"['Python', 'Docker', 'TensorFlow']","['Basic machine learning concepts', 'Version control (Git)', 'Containerization']","['Assist in deploying machine learning models into production environments', 'Support the automation of model training and evaluation processes', 'Collaborate with data scientists to understand model requirements and performance metrics']",Data & AI
Mid MLOps Engineer,Mid,2-5 years,"['Python', 'Kubernetes', 'MLflow']","['CI/CD pipelines', 'Model monitoring and logging', 'Cloud services (AWS, GCP, or Azure)']","['Design and implement CI/CD pipelines for machine learning workflows', 'Manage and optimize the deployment of machine learning models using Kubernetes', 'Ensure model performance and reliability through monitoring and logging']",Data & AI
Senior MLOps Engineer,Senior,5+ years,"['Python', 'Kubernetes', 'Terraform']","['System architecture for ML solutions', 'Multi-cloud deployment strategies', 'Mentoring junior engineers']","['Architect scalable and robust MLOps solutions across multiple cloud environments', 'Lead the design and implementation of infrastructure as code using Terraform', 'Mentor and guide junior and mid-level engineers in best practices for MLOps']",Data & AI
Junior Computer Vision Engineer,Junior,0-2 years,"['Python', 'OpenCV', 'TensorFlow']","['Image Processing', 'Basic Machine Learning', 'Data Annotation']","['Assist in developing computer vision algorithms for image and video analysis.', 'Implement basic image processing techniques using OpenCV.', 'Participate in data collection and annotation for training datasets.']",Data & AI
Mid-Level Computer Vision Engineer,Mid,2-5 years,"['Python', 'OpenCV', 'TensorFlow', 'PyTorch']","['Deep Learning', 'Model Optimization', 'Automated Testing']","['Design and implement advanced computer vision models using TensorFlow and PyTorch.', 'Optimize existing models for performance and accuracy.', 'Collaborate with cross-functional teams to integrate computer vision solutions into applications.']",Data & AI
Senior Computer Vision Engineer,Senior,5+ years,"['Python', 'OpenCV', 'TensorFlow', 'Kubernetes', 'AWS']","['System Architecture', 'Scalable Design', 'Mentoring']","['Architect and lead the development of scalable computer vision systems in cloud environments.', 'Mentor junior and mid-level engineers in best practices for computer vision and machine learning.', 'Evaluate and implement new technologies and frameworks to enhance computer vision capabilities.']",Data & AI
Junior NLP Engineer,Junior,0-2 years,"['Python', 'NLTK', 'spaCy']","['Text preprocessing', 'Basic machine learning', 'Data cleaning']","['Assist in developing NLP models', 'Perform data annotation and preprocessing', 'Support senior engineers in model evaluation']",Data & AI
Mid NLP Engineer,Mid,2-5 years,"['Python', 'TensorFlow', 'Hugging Face Transformers']","['Model training and fine-tuning', 'API development', 'Automated testing']","['Design and implement NLP solutions for production', 'Optimize existing models for performance', 'Collaborate with cross-functional teams to integrate NLP features']",Data & AI
Senior NLP Engineer,Senior,5+ years,"['Python', 'PyTorch', 'Kubernetes']","['Architecting scalable NLP systems', 'Advanced model deployment', 'Mentoring junior engineers']","['Lead the design of NLP architectures for large-scale applications', 'Ensure model robustness and security', 'Drive research initiatives to explore new NLP methodologies']",Data & AI
Junior AI Ethics & Compliance Specialist,Junior,0-2 years,"['Python', 'Jupyter Notebook', 'TensorFlow']","['Data Privacy Regulations', 'Ethical AI Principles', 'Basic Machine Learning Concepts']","['Assist in the evaluation of AI models for compliance with ethical standards.', 'Support the documentation of AI ethics policies and procedures.', 'Conduct preliminary audits of AI systems to identify potential ethical concerns.']",Data & AI
Mid AI Ethics & Compliance Specialist,Mid,2-5 years,"['Python', 'TensorFlow', 'AWS SageMaker']","['AI Governance Frameworks', 'Risk Assessment Methodologies', 'Data Privacy Compliance (GDPR, CCPA)']","['Develop and implement AI ethics compliance strategies across projects.', 'Conduct comprehensive audits of AI systems to ensure adherence to ethical guidelines.', 'Collaborate with data scientists to assess and mitigate bias in AI models.']",Data & AI
Senior AI Ethics & Compliance Specialist,Senior,5+ years,"['Python', 'TensorFlow', 'Kubernetes']","['AI Ethics Framework Development', 'Advanced Risk Management', 'Stakeholder Engagement']","['Lead the development of comprehensive AI ethics and compliance frameworks.', 'Advise on the ethical implications of AI technologies and their deployment.', 'Mentor junior team members and conduct training on AI ethics best practices.']",Data & AI
Junior Data Architect,Junior,0-2 years,"['SQL', 'Python', 'AWS Redshift']","['Data Modeling', 'ETL Processes', 'Basic SQL Queries']","['Assist in designing and implementing data models for various applications.', 'Support data integration processes and ETL workflows.', 'Collaborate with senior architects to understand data architecture best practices.']",Data & AI
Mid-Level Data Architect,Mid,2-5 years,"['SQL', 'Python', 'AWS Redshift', 'Apache Spark']","['Data Warehousing', 'Data Pipeline Development', 'CI/CD for Data']","['Design and optimize data warehouses and data lakes for performance and scalability.', 'Develop and maintain ETL processes using tools like Apache Spark.', 'Implement CI/CD pipelines for data integration and deployment.']",Data & AI
Senior Data Architect,Senior,5+ years,"['SQL', 'Python', 'AWS Redshift', 'Apache Spark', 'Snowflake']","['Data Architecture Design', 'Multi-Cloud Solutions', 'Data Governance']","['Lead the design and implementation of scalable data architectures across multi-cloud environments.', 'Establish data governance frameworks and best practices for data quality and security.', 'Mentor junior and mid-level data architects on advanced data modeling and architecture strategies.']",Data & AI
Junior Analytics Engineer,Junior,0-2 years,"['SQL', 'Python', 'Tableau']","['Data Visualization', 'Data Cleaning', 'Basic Statistical Analysis']","['Assist in the design and development of data models and dashboards.', 'Perform data extraction and transformation using SQL and Python.', 'Support senior engineers in data analysis and reporting tasks.']",Data & AI
Mid-Level Analytics Engineer,Mid,2-5 years,"['SQL', 'Python', 'dbt', 'Looker']","['Data Warehousing', 'ETL Processes', 'Automated Reporting']","['Develop and maintain ETL pipelines using dbt for data transformation.', 'Create and optimize data models and dashboards in Looker.', 'Collaborate with cross-functional teams to gather requirements and deliver insights.']",Data & AI
Senior Analytics Engineer,Senior,5+ years,"['SQL', 'Python', 'dbt', 'Snowflake', 'Airflow']","['Data Architecture', 'Performance Tuning', 'Mentoring']","['Architect and implement scalable data solutions using Snowflake and dbt.', 'Lead the design of complex data models and ensure data integrity.', 'Mentor junior and mid-level engineers, providing guidance on best practices.']",Data & AI
Junior Database Administrator,Junior,0-2 years,"['PostgreSQL', 'MySQL', 'Oracle']","['SQL', 'Database Backup and Recovery', 'Basic Performance Tuning']","['Assist in the installation and configuration of database systems.', 'Monitor database performance and troubleshoot issues.', 'Perform regular backups and ensure data integrity.']",Data & AI
Mid-Level Database Administrator,Mid,2-5 years,"['PostgreSQL', 'MySQL', 'Oracle']","['Advanced SQL', 'Database Replication', 'Performance Tuning', 'Backup and Recovery Strategies']","['Manage and optimize database performance and scalability.', 'Implement and maintain database security policies.', 'Develop and execute backup and recovery plans.']",Data & AI
Senior Database Administrator,Senior,5+ years,"['PostgreSQL', 'MySQL', 'Oracle']","['Database Architecture', 'High Availability Solutions', 'Disaster Recovery Planning', 'Performance Monitoring Tools']","['Design and implement complex database architectures for high availability.', 'Lead database migration projects and ensure data integrity.', 'Mentor junior and mid-level DBAs on best practices and advanced techniques.']",Data & AI
Junior Platform Engineer,Junior,0-2 years,"['Docker', 'Kubernetes', 'Git']","['Linux', 'Basic Networking', 'Troubleshooting', 'Version Control']","['Assist in the deployment and management of containerized applications using Docker and Kubernetes.', 'Support the maintenance of CI/CD pipelines to automate build and deployment processes.', 'Collaborate with senior engineers to troubleshoot and resolve platform-related issues.']",Cloud & DevOps
Mid-Level Platform Engineer,Mid,2-5 years,"['Terraform', 'AWS', 'Kubernetes']","['Infrastructure as Code', 'CI/CD Tools (Jenkins, GitLab CI)', 'Monitoring Tools (Prometheus, Grafana)', 'Scripting (Python, Bash)']","['Design and implement scalable infrastructure solutions using Terraform and AWS.', 'Manage Kubernetes clusters and optimize application performance and reliability.', 'Develop and maintain CI/CD pipelines to ensure efficient software delivery.']",Cloud & DevOps
Senior Platform Engineer,Senior,5+ years,"['Kubernetes', 'Terraform', 'AWS', 'GCP']","['System Architecture', 'Security Best Practices', 'Multi-Cloud Strategies', 'Mentoring and Leadership']","['Architect and implement robust, scalable platform solutions across multi-cloud environments.', 'Lead the design and optimization of CI/CD processes and infrastructure automation.', 'Mentor junior and mid-level engineers, fostering a culture of continuous improvement and knowledge sharing.']",Cloud & DevOps
Junior Kubernetes / Containerization Specialist,Junior,0-2 years,"['Kubernetes', 'Docker', 'Linux']","['Container orchestration', 'Basic networking', 'YAML configuration']","['Assist in deploying and managing containerized applications using Kubernetes.', 'Support the development team in troubleshooting and resolving container-related issues.', 'Learn and apply best practices for containerization and orchestration.']",Cloud & DevOps
Mid Kubernetes / Containerization Specialist,Mid,2-5 years,"['Kubernetes', 'Docker', 'Helm', 'Prometheus']","['CI/CD pipelines', 'Microservices architecture', 'Automated testing']","['Design and implement scalable Kubernetes clusters for production environments.', 'Develop Helm charts for application deployment and management.', 'Integrate monitoring solutions like Prometheus for performance tracking.']",Cloud & DevOps
Senior Kubernetes / Containerization Specialist,Senior,5+ years,"['Kubernetes', 'Docker', 'Istio', 'Terraform']","['System architecture', 'Multi-cloud deployment', 'Security best practices']","['Architect and oversee the deployment of complex, distributed systems using Kubernetes.', 'Implement service mesh solutions like Istio for enhanced microservices communication.', 'Mentor junior and mid-level engineers on containerization best practices and Kubernetes management.']",Cloud & DevOps
Junior DevSecOps SRE,Junior,0-2 years,"['Docker', 'Kubernetes', 'GitLab CI']","['Basic understanding of CI/CD pipelines', 'Familiarity with security best practices', 'Knowledge of Linux systems']","['Assist in the deployment and monitoring of applications in a containerized environment', 'Support the implementation of security measures in the CI/CD pipeline', 'Collaborate with development teams to troubleshoot and resolve issues']",Cloud & DevOps
Mid DevSecOps SRE,Mid,2-5 years,"['Terraform', 'AWS', 'Jenkins']","['Experience with infrastructure as code (IaC)', 'Proficient in automated testing and security scanning tools', 'Understanding of cloud security principles']","['Design and implement CI/CD pipelines with integrated security checks', 'Manage and optimize cloud infrastructure with a focus on security and compliance', 'Conduct security audits and vulnerability assessments on applications and infrastructure']",Cloud & DevOps
Senior DevSecOps SRE,Senior,5+ years,"['Kubernetes', 'HashiCorp Vault', 'Azure']","['Expertise in system architecture and design for secure applications', 'Strong knowledge of multi-cloud environments', 'Experience mentoring junior team members']","['Architect and implement scalable, secure, and resilient systems across multiple cloud providers', 'Lead security initiatives and best practices within the DevSecOps team', 'Collaborate with cross-functional teams to integrate security into the software development lifecycle']",Cloud & DevOps
Junior FinOps Specialist,Junior,0-2 years,"['AWS Cost Explorer', 'Azure Cost Management', 'Google Cloud Billing']","['Basic financial analysis', 'Excel', 'Cloud cost optimization', 'Data visualization']","['Assist in monitoring and analyzing cloud spending across various services', 'Support the implementation of cost-saving initiatives and best practices', 'Help prepare monthly financial reports and dashboards for stakeholders']",Cloud & DevOps
Mid-Level FinOps Specialist,Mid,2-5 years,"['AWS Cost Explorer', 'Azure Cost Management', 'Google Cloud Billing', 'Terraform']","['Financial modeling', 'Budget forecasting', 'CI/CD for cost management', 'Data analysis with SQL']","['Manage cloud budgets and forecasts, ensuring alignment with business objectives', 'Implement automated cost monitoring and reporting solutions using CI/CD pipelines', 'Collaborate with engineering teams to optimize resource allocation and reduce waste']",Cloud & DevOps
Senior FinOps Specialist,Senior,5+ years,"['AWS Cost Explorer', 'Azure Cost Management', 'Google Cloud Billing', 'Kubernetes', 'Terraform']","['Strategic financial planning', 'Advanced data analytics', 'Multi-cloud cost management', 'Mentoring and leadership']","['Architect and implement comprehensive FinOps strategies across multi-cloud environments', 'Lead cross-functional teams to drive financial accountability and cost optimization initiatives', 'Mentor junior team members and provide guidance on best practices in cloud financial management']",Cloud & DevOps
Junior Infrastructure-as-Code (IaC) Engineer,Junior,0-2 years,"['Terraform', 'AWS', 'Git']","['Basic understanding of cloud services', 'Familiarity with version control systems', 'Basic scripting knowledge (Python or Bash)']","['Assist in writing and maintaining Terraform scripts for infrastructure provisioning', 'Support the deployment of cloud resources in AWS', 'Participate in code reviews and learn best practices for IaC']",Cloud & DevOps
Mid Infrastructure-as-Code (IaC) Engineer,Mid,2-5 years,"['Terraform', 'AWS', 'Docker', 'GitLab CI/CD']","['Proficient in Terraform for infrastructure provisioning', 'Experience with AWS services (EC2, S3, RDS)', 'Knowledge of containerization with Docker', 'Familiarity with CI/CD pipelines']","['Design and implement scalable infrastructure using Terraform', 'Automate deployment processes using GitLab CI/CD', 'Collaborate with development teams to ensure infrastructure meets application needs']",Cloud & DevOps
Senior Infrastructure-as-Code (IaC) Engineer,Senior,5+ years,"['Terraform', 'AWS', 'Kubernetes', 'Ansible']","['Expertise in designing IaC solutions using Terraform', 'Deep understanding of AWS architecture and services', 'Experience with Kubernetes for orchestration', 'Strong knowledge of configuration management tools like Ansible']","['Architect and implement complex infrastructure solutions using Terraform across multiple cloud environments', 'Mentor junior engineers on best practices for IaC and cloud architecture', 'Ensure security and compliance in infrastructure design and deployment']",Cloud & DevOps
AWS Cloud Engineer,Junior,0-2 years,"['AWS', 'EC2', 'S3', 'CloudFormation']","['Basic understanding of cloud concepts', 'Linux fundamentals', 'Networking basics', 'Python or Bash scripting']","['Assist in deploying and managing AWS resources under supervision', 'Support the team in monitoring cloud infrastructure and troubleshooting issues', 'Participate in the documentation of cloud architecture and processes']",Cloud & DevOps
AWS Cloud Engineer,Mid,2-5 years,"['AWS', 'EC2', 'S3', 'CloudFormation', 'Lambda', 'RDS']","['Infrastructure as Code (IaC) using CloudFormation', 'CI/CD pipeline implementation', 'Containerization with Docker', 'Monitoring tools like CloudWatch']","['Design and implement scalable cloud solutions using AWS services', 'Automate deployment processes and manage CI/CD pipelines', 'Optimize cloud infrastructure for cost and performance']",Cloud & DevOps
AWS Cloud Engineer,Senior,5+ years,"['AWS', 'EC2', 'S3', 'CloudFormation', 'Lambda', 'RDS', 'Kubernetes']","['Advanced architecture design for multi-cloud environments', 'Security best practices in cloud deployments', 'Mentoring junior engineers', 'Disaster recovery planning']","['Lead the design and architecture of complex cloud solutions on AWS', 'Implement security measures and compliance standards across cloud infrastructure', 'Guide and mentor junior and mid-level engineers in best practices and technologies']",Cloud & DevOps
Junior Azure Cloud Engineer,Junior,0-2 years,"['Azure', 'PowerShell', 'Azure CLI']","['Basic understanding of cloud concepts', 'Familiarity with Azure services', 'Troubleshooting skills']","['Assist in deploying and managing Azure resources', 'Support the team in monitoring cloud infrastructure', 'Participate in documentation of cloud processes']",Cloud & DevOps
Mid Azure Cloud Engineer,Mid,2-5 years,"['Azure', 'Terraform', 'Azure DevOps']","['Experience with CI/CD pipelines', 'Proficient in scripting with PowerShell or Python', 'Knowledge of Azure networking and security best practices']","['Design and implement scalable Azure solutions', 'Automate deployment processes using Terraform', 'Monitor and optimize cloud performance and costs']",Cloud & DevOps
Senior Azure Cloud Engineer,Senior,5+ years,"['Azure', 'Kubernetes', 'Terraform']","['Expertise in cloud architecture and design', 'Strong knowledge of multi-cloud strategies', 'Mentoring and leading junior engineers']","['Architect and implement complex Azure solutions', 'Ensure security and compliance across cloud environments', 'Lead cloud migration projects and optimize existing infrastructure']",Cloud & DevOps
Junior Google Cloud Engineer,Junior,0-2 years,"['Google Cloud Platform', 'Cloud Functions', 'Cloud Storage']","['Basic understanding of cloud concepts', 'Familiarity with GCP services', 'Basic networking knowledge']","['Assist in deploying applications on Google Cloud', 'Support the configuration of GCP resources', 'Participate in troubleshooting and debugging cloud applications']",Cloud & DevOps
Mid Google Cloud Engineer,Mid,2-5 years,"['Google Cloud Platform', 'Kubernetes', 'Cloud Pub/Sub']","['Experience with CI/CD pipelines', 'Proficient in Terraform for infrastructure as code', 'Knowledge of container orchestration']","['Design and implement scalable cloud solutions on GCP', 'Manage and optimize Kubernetes clusters', 'Automate deployment processes using CI/CD tools']",Cloud & DevOps
Senior Google Cloud Engineer,Senior,5+ years,"['Google Cloud Platform', 'Anthos', 'BigQuery']","['Expertise in multi-cloud architecture', 'Strong knowledge of security best practices in cloud environments', 'Mentoring junior engineers']","['Architect and design complex cloud solutions across multiple GCP services', 'Implement security measures and compliance protocols', 'Lead cloud migration projects and optimize existing infrastructure']",Cloud & DevOps
Junior Application Security Engineer,Junior,0-2 years,"['OWASP ZAP', 'Burp Suite', 'Java', 'Python']","['Basic understanding of web application vulnerabilities', 'Familiarity with secure coding practices', 'Knowledge of HTTP/HTTPS protocols']","['Assist in identifying and remediating security vulnerabilities in applications', 'Support senior engineers in conducting security assessments', 'Participate in code reviews to ensure adherence to security standards']",Cybersecurity
Mid Application Security Engineer,Mid,2-5 years,"['OWASP ZAP', 'Burp Suite', 'Java', 'Python', 'Docker']","['Experience with threat modeling and risk assessment', 'Proficient in static and dynamic application security testing (SAST/DAST)', 'Familiarity with CI/CD pipelines and security automation']","['Conduct security assessments and penetration testing on applications', 'Implement security controls and best practices in the software development lifecycle', 'Collaborate with development teams to integrate security into CI/CD processes']",Cybersecurity
Senior Application Security Engineer,Senior,5+ years,"['OWASP ZAP', 'Burp Suite', 'Java', 'Python', 'Kubernetes', 'AWS']","['Expertise in application security architecture and design', 'Strong knowledge of secure coding standards and frameworks', 'Experience mentoring junior engineers and leading security initiatives']","['Architect and design secure application frameworks and services', 'Lead security assessments and develop remediation strategies for complex applications', 'Establish and enforce application security policies and best practices across the organization']",Cybersecurity
SOC Analyst,Junior,0-2 years,"['SIEM', 'Splunk', 'Wireshark']","['Incident Response', 'Log Analysis', 'Network Monitoring']","['Monitor security alerts and events using SIEM tools.', 'Assist in the analysis of security incidents and potential threats.', 'Document and escalate incidents according to established procedures.']",Cybersecurity
SOC Analyst,Mid,2-5 years,"['SIEM', 'Splunk', 'Elastic Stack']","['Threat Hunting', 'Malware Analysis', 'Incident Management']","['Conduct in-depth analysis of security incidents and provide actionable insights.', 'Develop and implement detection rules and alerts in SIEM platforms.', 'Collaborate with IT teams to remediate vulnerabilities and incidents.']",Cybersecurity
SOC Analyst,Senior,5+ years,"['SIEM', 'Splunk', 'Palo Alto Networks']","['Security Architecture', 'Advanced Threat Detection', 'Team Leadership']","['Design and implement security monitoring frameworks and strategies.', 'Lead incident response efforts and coordinate with cross-functional teams.', 'Mentor junior analysts and develop training programs for SOC staff.']",Cybersecurity
Junior Cloud Security Architect,Junior,0-2 years,"['AWS', 'Azure', 'GCP', 'Terraform']","['Basic understanding of cloud security principles', 'Familiarity with IAM policies', 'Knowledge of network security concepts', 'Experience with security tools like AWS Inspector']","['Assist in the implementation of cloud security best practices', 'Support the development of security policies and procedures', 'Participate in security assessments and audits']",Cybersecurity
Mid-Level Cloud Security Architect,Mid,2-5 years,"['AWS', 'Azure', 'GCP', 'Terraform', 'Kubernetes']","['Proficient in cloud security frameworks (CIS, NIST)', 'Experience with automated security testing tools', 'Knowledge of CI/CD security practices', 'Ability to design and implement IAM roles and policies']","['Design and implement cloud security architectures', 'Conduct risk assessments and vulnerability management', 'Collaborate with DevOps teams to integrate security into CI/CD pipelines']",Cybersecurity
Senior Cloud Security Architect,Senior,5+ years,"['AWS', 'Azure', 'GCP', 'Terraform', 'Kubernetes', 'HashiCorp Vault']","['Expertise in multi-cloud security architecture', 'Strong understanding of compliance frameworks (GDPR, HIPAA)', 'Experience with incident response and threat modeling', 'Mentoring and leading security initiatives']","['Architect and oversee the implementation of secure cloud environments', 'Develop and enforce security policies across cloud platforms', 'Lead security audits and compliance assessments']",Cybersecurity
Junior Incident Response Specialist,Junior,0-2 years,"['Splunk', 'Wireshark', 'Sysinternals']","['Basic understanding of networking protocols', 'Incident documentation', 'Malware analysis basics']","['Assist in monitoring security alerts and incidents using SIEM tools', 'Document and report incidents following established protocols', 'Participate in post-incident reviews and contribute to knowledge base updates']",Cybersecurity
Mid Incident Response Specialist,Mid,2-5 years,"['Splunk', 'ELK Stack', 'Carbon Black']","['Incident response methodologies', 'Threat hunting', 'Forensic analysis']","['Lead incident investigations and coordinate response efforts', 'Utilize threat intelligence to improve incident detection and response', 'Develop and implement incident response playbooks and procedures']",Cybersecurity
Senior Incident Response Specialist,Senior,5+ years,"['Splunk', 'CrowdStrike', 'Kali Linux']","['Advanced threat detection', 'Security architecture design', 'Mentoring junior staff']","['Architect and oversee the incident response strategy across the organization', 'Conduct advanced forensic investigations and provide actionable insights', 'Collaborate with cross-functional teams to enhance overall security posture']",Cybersecurity
Junior Identity and Access Management (IAM) Engineer,Junior,0-2 years,"['Okta', 'Azure Active Directory', 'LDAP']","['Basic understanding of IAM concepts', 'User provisioning and de-provisioning', 'Familiarity with SAML and OAuth']","['Assist in the implementation of IAM solutions under supervision', 'Support user access requests and troubleshoot access issues', 'Document IAM processes and procedures for compliance']",Cybersecurity
Mid-Level Identity and Access Management (IAM) Engineer,Mid,2-5 years,"['Okta', 'Azure Active Directory', 'AWS IAM']","['Experience with role-based access control (RBAC)', 'Knowledge of identity federation protocols', 'Familiarity with IAM policy management']","['Design and implement IAM solutions to meet business requirements', 'Manage and optimize user access policies across multiple platforms', 'Conduct regular audits of IAM systems and recommend improvements']",Cybersecurity
Senior Identity and Access Management (IAM) Engineer,Senior,5+ years,"['Okta', 'Azure Active Directory', 'AWS IAM', 'Ping Identity']","['Expertise in IAM architecture and design', 'Strong knowledge of security frameworks (NIST, ISO 27001)', 'Experience with multi-cloud IAM solutions']","['Lead the design and architecture of IAM solutions across the organization', 'Mentor junior engineers and provide guidance on best practices', 'Evaluate and integrate new IAM technologies to enhance security posture']",Cybersecurity
Junior DevSecOps Engineer,Junior,0-2 years,"['Docker', 'Git', 'Jenkins', 'Terraform']","['Basic understanding of CI/CD pipelines', 'Familiarity with security best practices', 'Knowledge of containerization', 'Version control with Git']","['Assist in the implementation of CI/CD pipelines to automate deployment processes.', 'Support the integration of security tools within the development lifecycle.', 'Participate in code reviews and identify security vulnerabilities in applications.']",Cloud & DevOps
Mid-Level DevSecOps Engineer,Mid,2-5 years,"['Kubernetes', 'AWS', 'Terraform', 'GitLab CI']","['Experience with container orchestration', 'Proficient in cloud security practices', 'Knowledge of automated testing frameworks', 'Ability to implement security policies in CI/CD']","['Design and implement secure CI/CD pipelines using GitLab CI and Terraform.', 'Manage Kubernetes clusters and ensure security best practices are followed.', 'Conduct security assessments and vulnerability scans on applications and infrastructure.']",Cloud & DevOps
Senior DevSecOps Engineer,Senior,5+ years,"['Kubernetes', 'AWS', 'HashiCorp Vault', 'Terraform', 'Prometheus']","['Expertise in system architecture and design', 'Strong knowledge of security frameworks (e.g., OWASP)', 'Experience with multi-cloud environments', 'Mentoring and leading junior engineers']","['Architect and implement scalable, secure infrastructure using Kubernetes and AWS.', 'Lead security initiatives and ensure compliance with industry standards.', 'Mentor junior and mid-level engineers on best practices in DevSecOps.']",Cloud & DevOps
Junior Technical Lead,Junior,0-2 years,"['Java', 'Spring Boot', 'Git']","['Basic understanding of software development lifecycle', 'Version control with Git', 'Basic knowledge of RESTful APIs']","['Assist in the design and development of software applications', 'Participate in code reviews and provide constructive feedback', 'Collaborate with senior developers to understand project requirements']",Software Engineering
Mid-Level Technical Lead,Mid,2-5 years,"['Java', 'Spring Boot', 'Docker', 'Kubernetes']","['Proficient in building RESTful services', 'Experience with CI/CD tools like Jenkins or GitLab CI', 'Ability to mentor junior developers']","['Lead a team of developers in the design and implementation of software solutions', 'Ensure code quality through automated testing and code reviews', 'Manage project timelines and deliverables']",Software Engineering
Senior Technical Lead,Senior,5+ years,"['Java', 'Spring Boot', 'Microservices', 'AWS', 'Terraform']","['Expertise in system architecture and design patterns', 'Strong understanding of cloud infrastructure and services', 'Proven experience in leading cross-functional teams']","['Architect scalable and resilient software systems', 'Drive technical strategy and best practices across the development team', 'Mentor and guide junior and mid-level developers in their career growth']",Software Engineering
Junior Engineering Manager,Junior,0-2 years,"['JIRA', 'Git', 'Slack']","['Agile Methodologies', 'Basic Project Management', 'Team Collaboration']","['Assist in managing engineering projects and timelines', 'Support senior managers in team coordination', 'Participate in daily stand-ups and sprint planning']",Software Engineering
Mid-Level Engineering Manager,Mid,2-5 years,"['JIRA', 'Git', 'AWS', 'Docker']","['Agile Project Management', 'CI/CD Pipelines', 'Team Leadership', 'Performance Metrics']","['Oversee engineering teams and project deliverables', 'Implement CI/CD processes for efficient deployment', 'Facilitate cross-functional collaboration and communication']",Software Engineering
Senior Engineering Manager,Senior,5+ years,"['JIRA', 'Git', 'AWS', 'Kubernetes', 'Terraform']","['Strategic Planning', 'System Architecture', 'Mentoring and Coaching', 'Budget Management']","['Define engineering strategy and vision for the team', 'Architect scalable systems and oversee technical direction', 'Mentor junior and mid-level engineers to enhance team capabilities']",Software Engineering
Junior Enterprise Architect,Junior,0-2 years,"['Archimate', 'UML', 'AWS']","['Basic understanding of enterprise architecture frameworks', 'Familiarity with cloud services', 'Ability to create architectural diagrams']","['Assist in the development of architectural models and documentation', 'Support senior architects in evaluating technology solutions', 'Participate in design reviews and contribute to architectural discussions']",Software Engineering
Mid-Level Enterprise Architect,Mid,2-5 years,"['TOGAF', 'AWS', 'Microservices']","['Experience with enterprise architecture frameworks', 'Proficiency in cloud architecture and services', 'Knowledge of API design and integration patterns']","['Design and implement enterprise architecture solutions', 'Collaborate with stakeholders to align IT strategy with business goals', 'Conduct technology assessments and recommend solutions']",Software Engineering
Senior Enterprise Architect,Senior,5+ years,"['Zachman Framework', 'Kubernetes', 'Azure']","['Expertise in enterprise architecture methodologies', 'Strong background in cloud-native architecture and multi-cloud strategies', 'Ability to mentor and lead architectural teams']","['Define and govern the enterprise architecture strategy and roadmap', 'Lead the design of scalable and secure enterprise systems', 'Engage with executive leadership to drive technology innovation']",Software Engineering
Junior Technical Product Manager,Junior,0-2 years,"['JIRA', 'Confluence', 'Trello']","['Agile Methodologies', 'User Story Mapping', 'Basic SQL']","['Assist in gathering and documenting product requirements from stakeholders.', 'Support the product team in prioritizing the product backlog.', 'Participate in sprint planning and review meetings.']",Software Engineering
Mid-Level Technical Product Manager,Mid,2-5 years,"['JIRA', 'Confluence', 'Aha!', 'Google Analytics']","['Agile Project Management', 'User Experience Design', 'Data Analysis']","['Define product vision and roadmap based on market research and user feedback.', 'Collaborate with engineering teams to ensure timely delivery of product features.', 'Analyze product performance metrics and iterate on product features.']",Software Engineering
Senior Technical Product Manager,Senior,5+ years,"['JIRA', 'Confluence', 'Aha!', 'Tableau', 'AWS']","['Strategic Planning', 'Cross-Functional Leadership', 'Advanced Data Analytics']","['Lead the product strategy and vision, aligning with business goals and customer needs.', 'Mentor junior product managers and facilitate knowledge sharing across teams.', 'Drive product innovation by leveraging advanced analytics and market trends.']",Software Engineering
Junior Scrum Master,Junior,0-2 years,"['Jira', 'Confluence', 'Trello']","['Agile Methodologies', 'Scrum Framework', 'Team Collaboration']","['Assist in facilitating daily stand-ups, sprint planning, and retrospectives.', 'Support the team in removing impediments and improving processes.', 'Help maintain project documentation and track progress using Jira.']",Software Engineering
Mid-Level Scrum Master,Mid,2-5 years,"['Jira', 'Confluence', 'Slack', 'Miro']","['Agile Coaching', 'Scrum Master Certification', 'Conflict Resolution', 'CI/CD Practices']","['Facilitate Scrum ceremonies and ensure adherence to Agile principles.', 'Coach teams on Agile practices and foster a culture of continuous improvement.', 'Collaborate with Product Owners to prioritize and refine the product backlog.']",Software Engineering
Senior Scrum Master / Agile Delivery Manager,Senior,5+ years,"['Jira', 'Confluence', 'Azure DevOps', 'Miro']","['Agile Transformation', 'Stakeholder Management', 'Scaled Agile Framework (SAFe)', 'Metrics and Reporting']","['Lead multiple Agile teams and drive the Agile transformation across the organization.', 'Develop and implement strategies for improving team performance and delivery.', 'Mentor and coach Scrum Masters and Agile teams on best practices and methodologies.']",Software Engineering
Junior Developer Relations Engineer,Junior,0-2 years,"['JavaScript', 'Python', 'Git']","['Basic programming knowledge', 'Technical writing', 'Community engagement']","['Assist in creating technical documentation and tutorials for developers', 'Engage with the developer community through forums and social media', 'Support senior DevRel engineers in organizing workshops and meetups']",Developer Relations
Mid Developer Relations Engineer,Mid,2-5 years,"['JavaScript', 'Node.js', 'GraphQL']","['API integration', 'Content creation', 'Public speaking']","['Develop and maintain SDKs and libraries for external developers', 'Create engaging content such as blog posts, videos, and webinars', 'Collaborate with product teams to gather feedback from the developer community']",Developer Relations
Senior Developer Relations Engineer,Senior,5+ years,"['JavaScript', 'TypeScript', 'Kubernetes']","['System architecture', 'Mentoring', 'Strategic planning']","['Architect and implement scalable solutions for developer engagement', 'Lead initiatives to enhance developer experience and community growth', 'Mentor junior and mid-level DevRel engineers and foster a culture of knowledge sharing']",Developer Relations
Salesforce Developer / Administrator,Junior,0-2 years,"['Salesforce', 'Apex', 'Visualforce']","['Basic understanding of Salesforce CRM', 'Apex programming', 'Visualforce page development', 'Data management', 'Basic SOQL']","['Assist in the configuration and customization of Salesforce applications', 'Support data migration and data cleansing activities', 'Participate in user training and support efforts']",Software Engineering
Salesforce Developer / Administrator,Mid,2-5 years,"['Salesforce', 'Apex', 'Lightning', 'SOQL', 'Salesforce DX']","['Proficient in Apex and Visualforce', 'Experience with Lightning components', 'Knowledge of Salesforce APIs', 'CI/CD practices using Salesforce DX', 'Data modeling and management']","['Develop and implement custom solutions on the Salesforce platform', 'Manage and optimize Salesforce data models and workflows', 'Collaborate with cross-functional teams to gather requirements and deliver solutions']",Software Engineering
Salesforce Developer / Administrator,Senior,5+ years,"['Salesforce', 'Apex', 'Lightning', 'Heroku', 'Salesforce Integration']","['Expertise in Salesforce architecture and design patterns', 'Advanced Apex and Lightning development', 'Experience with multi-cloud integration', 'Mentoring junior developers', 'Strong understanding of Salesforce security and compliance']","['Architect scalable Salesforce solutions and integrations with other systems', 'Lead development projects and ensure best practices are followed', 'Drive continuous improvement initiatives and optimize existing Salesforce implementations']",Software Engineering
Junior SAP Technical Consultant,Junior,0-2 years,"['SAP ABAP', 'SAP Fiori', 'SAP HANA']","['Basic understanding of SAP modules', 'ABAP programming', 'Debugging and troubleshooting']","['Assist in the development and customization of SAP applications using ABAP.', 'Support senior consultants in gathering requirements and implementing solutions.', 'Participate in testing and debugging of SAP applications.']",Software Engineering
Mid SAP Technical Consultant,Mid,2-5 years,"['SAP ABAP', 'SAP Fiori', 'SAP HANA', 'SAP PI/PO']","['Experience with SAP modules (SD, MM, FI)', 'Development of Fiori applications', 'Integration using SAP PI/PO']","['Design and implement SAP solutions based on business requirements.', 'Develop and enhance Fiori applications and custom ABAP reports.', 'Collaborate with functional teams to ensure seamless integration of SAP modules.']",Software Engineering
Senior SAP Technical Consultant,Senior,5+ years,"['SAP ABAP', 'SAP Fiori', 'SAP HANA', 'SAP Cloud Platform']","['Architectural design of SAP solutions', 'Performance tuning of SAP applications', 'Mentoring junior consultants']","['Lead the design and architecture of complex SAP solutions across multiple modules.', 'Optimize and enhance the performance of existing SAP applications.', 'Provide mentorship and guidance to junior and mid-level consultants.']",Software Engineering
Junior ServiceNow Developer,Junior,0-2 years,"['ServiceNow', 'JavaScript', 'HTML', 'CSS']","['Basic understanding of ITSM processes', 'JavaScript programming', 'HTML/CSS for UI customization', 'ServiceNow platform fundamentals']","['Assist in developing and customizing ServiceNow applications', 'Support the integration of ServiceNow with other systems', 'Participate in testing and debugging of ServiceNow modules']",Cloud & DevOps
Mid-Level ServiceNow Developer,Mid,2-5 years,"['ServiceNow', 'JavaScript', 'REST API', 'AngularJS']","['Proficient in ServiceNow application development', 'Experience with ServiceNow ITSM modules', 'Knowledge of RESTful APIs for integrations', 'Familiarity with Agile methodologies']","['Design and implement ServiceNow applications and modules', 'Develop and maintain integrations between ServiceNow and third-party applications', 'Create and manage automated workflows and business rules']",Cloud & DevOps
Senior ServiceNow Developer,Senior,5+ years,"['ServiceNow', 'JavaScript', 'IntegrationHub', 'Node.js']","['Expertise in ServiceNow architecture and best practices', 'Strong knowledge of ITIL processes', 'Experience with advanced integrations using IntegrationHub', 'Ability to mentor junior developers']","['Architect and design scalable ServiceNow solutions', 'Lead the development of complex ServiceNow applications and integrations', 'Conduct code reviews and provide technical guidance to the development team']",Cloud & DevOps
Junior Performance & Load Testing Engineer,Junior,0-2 years,"['JMeter', 'Gatling', 'Java']","['Basic understanding of performance testing concepts', 'Familiarity with REST APIs', 'Basic programming skills in Java']","['Assist in the development and execution of performance test plans', 'Identify and document performance issues and bottlenecks', 'Support senior engineers in analyzing test results and generating reports']",Software Engineering
Mid Performance & Load Testing Engineer,Mid,2-5 years,"['JMeter', 'Gatling', 'AWS', 'Docker']","['Proficient in performance testing tools like JMeter and Gatling', 'Experience with CI/CD pipelines', 'Knowledge of cloud services (AWS) for load testing']","['Design and implement performance testing strategies for web applications', 'Automate performance tests and integrate them into CI/CD workflows', 'Analyze performance test results and provide actionable insights to development teams']",Software Engineering
Senior Performance & Load Testing Engineer,Senior,5+ years,"['JMeter', 'Gatling', 'Kubernetes', 'AWS', 'Java']","['Expertise in performance testing methodologies and tools', 'Strong programming skills in Java', 'Experience in architecting scalable testing frameworks']","['Lead the performance testing strategy and framework design for large-scale applications', 'Mentor junior and mid-level engineers in performance testing best practices', 'Collaborate with cross-functional teams to ensure performance requirements are met throughout the development lifecycle']",Software Engineering
Junior Sitecore Developer,Junior,0-2 years,"['Sitecore', '.NET', 'C#']","['HTML', 'CSS', 'JavaScript', 'Basic SQL', 'Version Control (Git)']","['Assist in the development and maintenance of Sitecore-based websites.', 'Support the integration of front-end components with Sitecore back-end services.', 'Participate in code reviews and contribute to team knowledge sharing.']",Software Engineering
Mid-Level Sitecore Developer,Mid,2-5 years,"['Sitecore', '.NET', 'C#', 'Azure']","['Sitecore Experience Editor', 'MVC', 'RESTful APIs', 'Automated Testing', 'CI/CD Pipelines']","['Design and implement Sitecore solutions that meet business requirements.', 'Develop and maintain custom Sitecore components and templates.', 'Collaborate with cross-functional teams to ensure seamless integration of Sitecore with other systems.']",Software Engineering
Senior Sitecore Developer,Senior,5+ years,"['Sitecore', '.NET', 'C#', 'Azure DevOps', 'Kubernetes']","['Sitecore Architecture', 'Performance Optimization', 'Security Best Practices', 'Mentoring', 'Microservices']","['Architect and lead the development of complex Sitecore solutions for enterprise-level applications.', 'Establish best practices for Sitecore development and deployment.', 'Mentor junior and mid-level developers, fostering skill development and knowledge sharing.']",Software Engineering
Junior RPA Developer,Junior,0-2 years,"['UiPath', 'Blue Prism', 'Automation Anywhere']","['Basic understanding of RPA concepts', 'VB.NET', 'SQL', 'Debugging']","['Assist in the development of RPA solutions under supervision', 'Participate in requirement gathering and analysis', 'Perform testing and debugging of RPA workflows']",Automation & RPA
Mid RPA Developer,Mid,2-5 years,"['UiPath', 'Blue Prism', 'Automation Anywhere']","['Advanced RPA development', 'Orchestrator configuration', 'API integration', 'CI/CD pipelines']","['Design and develop scalable RPA solutions', 'Implement best practices for RPA development', 'Collaborate with business analysts to refine automation requirements']",Automation & RPA
Senior RPA Developer,Senior,5+ years,"['UiPath', 'Blue Prism', 'Automation Anywhere']","['RPA architecture design', 'Mentoring junior developers', 'Performance optimization', 'Multi-environment deployment strategies']","['Architect and lead RPA projects from conception to deployment', 'Establish RPA governance and best practices', 'Conduct code reviews and provide technical guidance to the team']",Automation & RPA
